x_m,r_m,Ma_iso,delta_star_m,r_eff_m,Ma_eff,mu_Pa_s,Re_x_plot
0.000000,0.060000,0.039720,1.15546776e-06,0.059999,0.039722,9.19496639e-05,1.000000e+03
0.000192,0.059668,0.040165,2.21763411e-06,0.059665,0.040168,9.19495058e-05,1.000000e+03
0.000384,0.059335,0.040617,4.43526821e-06,0.059331,0.040623,9.19493433e-05,1.000000e+03
0.000576,0.059003,0.041077,6.65290232e-06,0.058996,0.041086,9.19491761e-05,1.000000e+03
0.000768,0.058670,0.041545,8.70055810e-06,0.058662,0.041557,9.19490042e-05,1.101574e+03
0.000960,0.058338,0.042020,1.03773837e-05,0.058328,0.042035,9.19488272e-05,1.392708e+03
0.001152,0.058005,0.042504,1.19795356e-05,0.057993,0.042522,9.19486452e-05,1.690464e+03
0.001343,0.057673,0.042997,1.35206886e-05,0.057660,0.043017,9.19484578e-05,1.995012e+03
0.001535,0.057341,0.043498,1.50102522e-05,0.057326,0.043520,9.19482650e-05,2.306532e+03
0.001727,0.057008,0.044007,1.64550719e-05,0.056992,0.044033,9.19480665e-05,2.625204e+03
0.001919,0.056676,0.044526,1.78603366e-05,0.056658,0.044554,9.19478620e-05,2.951218e+03
0.002111,0.056343,0.045054,1.92301057e-05,0.056324,0.045085,9.19476515e-05,3.284767e+03
0.002303,0.056011,0.045592,2.05676346e-05,0.055990,0.045625,9.19474346e-05,3.626051e+03
0.002495,0.055678,0.046139,2.18755881e-05,0.055657,0.046176,9.19472112e-05,3.975278e+03
0.002687,0.055346,0.046696,2.31561838e-05,0.055323,0.046736,9.19469810e-05,4.332661e+03
0.002879,0.055014,0.047264,2.44112939e-05,0.054989,0.047306,9.19467438e-05,4.698419e+03
0.003071,0.054681,0.047842,2.56425174e-05,0.054656,0.047887,9.19464992e-05,5.072781e+03
0.003263,0.054349,0.048430,2.68512349e-05,0.054322,0.048478,9.19462471e-05,5.455980e+03
0.003455,0.054016,0.049030,2.80386486e-05,0.053988,0.049081,9.19459871e-05,5.848259e+03
0.003647,0.053684,0.049640,2.92058139e-05,0.053655,0.049694,9.19457189e-05,6.249869e+03
0.003839,0.053352,0.050262,3.03536639e-05,0.053321,0.050320,9.19454423e-05,6.661068e+03
0.004030,0.053019,0.050896,3.14830282e-05,0.052988,0.050957,9.19451569e-05,7.082123e+03
0.004222,0.052687,0.051543,3.25946489e-05,0.052654,0.051607,9.19448624e-05,7.513310e+03
0.004414,0.052354,0.052201,3.36891929e-05,0.052321,0.052269,9.19445584e-05,7.954916e+03
0.004606,0.052022,0.052872,3.47672623e-05,0.051987,0.052943,9.19442445e-05,8.407235e+03
0.004798,0.051689,0.053557,3.58294025e-05,0.051654,0.053631,9.19439204e-05,8.870573e+03
0.004990,0.051357,0.054254,3.68761100e-05,0.051320,0.054333,9.19435856e-05,9.345245e+03
0.005182,0.051025,0.054966,3.79078374e-05,0.050987,0.055048,9.19432398e-05,9.831578e+03
0.005374,0.050692,0.055692,3.89249993e-05,0.050653,0.055778,9.19428825e-05,1.032991e+04
0.005566,0.050360,0.056432,3.99279760e-05,0.050320,0.056522,9.19425132e-05,1.084059e+04
0.005758,0.050027,0.057187,4.09171172e-05,0.049986,0.057281,9.19421315e-05,1.136398e+04
0.005950,0.049695,0.057957,4.18927455e-05,0.049653,0.058055,9.19417368e-05,1.190046e+04
0.006142,0.049362,0.058743,4.28551589e-05,0.049320,0.058846,9.19413286e-05,1.245041e+04
0.006334,0.049030,0.059546,4.38046329e-05,0.048986,0.059653,9.19409063e-05,1.301424e+04
0.006525,0.048698,0.060365,4.47414231e-05,0.048653,0.060476,9.19404694e-05,1.359237e+04
0.006717,0.048365,0.061201,4.56657666e-05,0.048319,0.061317,9.19400172e-05,1.418521e+04
0.006909,0.048033,0.062054,4.65778838e-05,0.047986,0.062175,9.19395491e-05,1.479324e+04
0.007101,0.047700,0.062926,4.74779797e-05,0.047653,0.063052,9.19390644e-05,1.541690e+04
0.007293,0.047368,0.063816,4.83662452e-05,0.047320,0.063947,9.19385625e-05,1.605667e+04
0.007485,0.047035,0.064725,4.92428584e-05,0.046986,0.064861,9.19380424e-05,1.671307e+04
0.007677,0.046703,0.065654,5.01079850e-05,0.046653,0.065796,9.19375036e-05,1.738660e+04
0.007869,0.046371,0.066603,5.09617799e-05,0.046320,0.066751,9.19369451e-05,1.807781e+04
0.008061,0.046038,0.067573,5.18043876e-05,0.045986,0.067726,9.19363660e-05,1.878725e+04
0.008253,0.045706,0.068565,5.26359430e-05,0.045653,0.068724,9.19357655e-05,1.951550e+04
0.008445,0.045373,0.069578,5.34565721e-05,0.045320,0.069743,9.19351426e-05,2.026317e+04
0.008637,0.045041,0.070615,5.42663923e-05,0.044987,0.070786,9.19344962e-05,2.103087e+04
0.008829,0.044708,0.071674,5.50655134e-05,0.044653,0.071852,9.19338254e-05,2.181927e+04
0.009020,0.044376,0.072758,5.58540376e-05,0.044320,0.072943,9.19331289e-05,2.262903e+04
0.009212,0.044044,0.073867,5.66320603e-05,0.043987,0.074059,9.19324056e-05,2.346086e+04
0.009404,0.043711,0.075002,5.73996704e-05,0.043654,0.075200,9.19316543e-05,2.431548e+04
0.009596,0.043379,0.076163,5.81569505e-05,0.043321,0.076369,9.19308735e-05,2.519367e+04
0.009788,0.043046,0.077351,5.89039772e-05,0.042987,0.077565,9.19300620e-05,2.609620e+04
0.009980,0.042714,0.078568,5.96408218e-05,0.042654,0.078789,9.19292181e-05,2.702390e+04
0.010172,0.042382,0.079814,6.03675501e-05,0.042321,0.080043,9.19283405e-05,2.797764e+04
0.010364,0.042049,0.081089,6.10842229e-05,0.041988,0.081327,9.19274274e-05,2.895830e+04
0.010556,0.041717,0.082396,6.17908962e-05,0.041655,0.082643,9.19264770e-05,2.996680e+04
0.010748,0.041384,0.083735,6.24876214e-05,0.041322,0.083991,9.19254876e-05,3.100414e+04
0.010940,0.041052,0.085108,6.31744454e-05,0.040989,0.085372,9.19244572e-05,3.207130e+04
0.011132,0.040719,0.086514,6.38514108e-05,0.040656,0.086788,9.19233837e-05,3.316935e+04
0.011324,0.040387,0.087956,6.45185562e-05,0.040322,0.088240,9.19222649e-05,3.429938e+04
0.011516,0.040055,0.089434,6.51759161e-05,0.039989,0.089729,9.19210984e-05,3.546255e+04
0.011707,0.039722,0.090951,6.58235214e-05,0.039656,0.091256,9.19198819e-05,3.666005e+04
0.011899,0.039390,0.092507,6.64613991e-05,0.039323,0.092822,9.19186127e-05,3.789313e+04
0.012091,0.039057,0.094103,6.70895727e-05,0.038990,0.094430,9.19172880e-05,3.916310e+04
0.012283,0.038725,0.095741,6.77080620e-05,0.038657,0.096080,9.19159048e-05,4.047132e+04
0.012475,0.038392,0.097424,6.83168837e-05,0.038324,0.097775,9.19144601e-05,4.181923e+04
0.012667,0.038060,0.099151,6.89160509e-05,0.037991,0.099515,9.19129504e-05,4.320830e+04
0.012859,0.037728,0.100925,6.95055736e-05,0.037658,0.101302,9.19113722e-05,4.464012e+04
0.013051,0.037395,0.102748,7.00854585e-05,0.037325,0.103138,9.19097217e-05,4.611630e+04
0.013243,0.037063,0.104621,7.06557092e-05,0.036992,0.105026,9.19079949e-05,4.763856e+04
0.013435,0.036730,0.106546,7.12163262e-05,0.036659,0.106966,9.19061873e-05,4.920869e+04
0.013627,0.036398,0.108526,7.17673069e-05,0.036326,0.108961,9.19042945e-05,5.082858e+04
0.013819,0.036065,0.110562,7.23086458e-05,0.035993,0.111013,9.19023115e-05,5.250018e+04
0.014011,0.035733,0.112657,7.28403342e-05,0.035660,0.113124,9.19002331e-05,5.422557e+04
0.014202,0.035401,0.114813,7.33623606e-05,0.035327,0.115297,9.18980535e-05,5.600690e+04
0.014394,0.035068,0.117032,7.38747104e-05,0.034994,0.117534,9.18957669e-05,5.784646e+04
0.014586,0.034736,0.119317,7.43773664e-05,0.034661,0.119838,9.18933666e-05,5.974663e+04
0.014778,0.034403,0.121671,7.48703079e-05,0.034328,0.122211,9.18908459e-05,6.170992e+04
0.014970,0.034071,0.124096,7.53535118e-05,0.033996,0.124656,9.18881973e-05,6.373896e+04
0.015162,0.033738,0.126596,7.58269516e-05,0.033663,0.127177,9.18854127e-05,6.583653e+04
0.015354,0.033406,0.129174,7.62905983e-05,0.033330,0.129777,9.18824838e-05,6.800554e+04
0.015546,0.033074,0.131832,7.67444194e-05,0.032997,0.132458,9.18794011e-05,7.024906e+04
0.015738,0.032741,0.134576,7.71883798e-05,0.032664,0.135225,9.18761548e-05,7.257033e+04
0.015930,0.032409,0.137407,7.76224413e-05,0.032331,0.138081,9.18727343e-05,7.497275e+04
0.016122,0.032076,0.140331,7.80465623e-05,0.031998,0.141031,9.18691279e-05,7.745991e+04
0.016314,0.031744,0.143351,7.84606986e-05,0.031665,0.144078,9.18653233e-05,8.003561e+04
0.016506,0.031412,0.146472,7.88648023e-05,0.031333,0.147228,9.18613069e-05,8.270383e+04
0.016697,0.031079,0.149698,7.92588226e-05,0.031000,0.150484,9.18570641e-05,8.546881e+04
0.016889,0.030747,0.153035,7.96427055e-05,0.030667,0.153852,9.18525793e-05,8.833500e+04
0.017081,0.030414,0.156488,8.00163932e-05,0.030334,0.157337,9.18478353e-05,9.130712e+04
0.017273,0.030082,0.160063,8.03798250e-05,0.030001,0.160946,9.18428135e-05,9.439016e+04
0.017465,0.029749,0.163765,8.07329361e-05,0.029669,0.164684,9.18374937e-05,9.758941e+04
0.017657,0.029417,0.167601,8.10756586e-05,0.029336,0.168557,9.18318540e-05,1.009105e+05
0.017849,0.029085,0.171577,8.14079206e-05,0.029003,0.172573,9.18258704e-05,1.043592e+05
0.018041,0.028752,0.175702,8.17296463e-05,0.028670,0.176740,9.18195168e-05,1.079420e+05
0.018233,0.028420,0.179983,8.20407561e-05,0.028338,0.181064,9.18127646e-05,1.116656e+05
0.018425,0.028087,0.184427,8.23411661e-05,0.028005,0.185555,9.18055826e-05,1.155369e+05
0.018617,0.027755,0.189046,8.26307882e-05,0.027672,0.190222,9.17979364e-05,1.195635e+05
0.018809,0.027422,0.193847,8.29095299e-05,0.027340,0.195074,9.17897886e-05,1.237535e+05
0.019001,0.027090,0.198842,8.31772939e-05,0.027007,0.200123,9.17810976e-05,1.281154e+05
0.019010,0.027074,0.199083,8.31897466e-05,0.026991,0.200367,9.17806712e-05,1.283268e+05
0.019110,0.026903,0.201740,8.33270959e-05,0.026820,0.203053,9.17759540e-05,1.306556e+05
0.019210,0.026735,0.204400,8.34655815e-05,0.026652,0.205742,9.17711686e-05,1.330013e+05
0.019310,0.026570,0.207064,8.36051158e-05,0.026487,0.208436,9.17663137e-05,1.353641e+05
0.019410,0.026409,0.209732,8.37456188e-05,0.026325,0.211135,9.17613880e-05,1.377443e+05
0.019510,0.026250,0.212406,8.38870172e-05,0.026166,0.213840,9.17563901e-05,1.401423e+05
0.019610,0.026094,0.215086,8.40292436e-05,0.026010,0.216551,9.17513188e-05,1.425583e+05
0.019710,0.025940,0.217771,8.41722361e-05,0.025856,0.219268,9.17461727e-05,1.449926e+05
0.019810,0.025790,0.220463,8.43159377e-05,0.025705,0.221992,9.17409507e-05,1.474453e+05
0.019910,0.025641,0.223162,8.44602961e-05,0.025557,0.224724,9.17356514e-05,1.499169e+05
0.020010,0.025496,0.225869,8.46052628e-05,0.025411,0.227463,9.17302736e-05,1.524074e+05
0.020110,0.025352,0.228583,8.47507931e-05,0.025267,0.230211,9.17248162e-05,1.549170e+05
0.020210,0.025211,0.231306,8.48968458e-05,0.025126,0.232967,9.17192778e-05,1.574459e+05
0.020310,0.025072,0.234036,8.50433828e-05,0.024987,0.235732,9.17136572e-05,1.599944e+05
0.020410,0.024935,0.236776,8.51903686e-05,0.024850,0.238507,9.17079533e-05,1.625626e+05
0.020510,0.024800,0.239525,8.53377707e-05,0.024715,0.241291,9.17021647e-05,1.651505e+05
0.020610,0.024667,0.242282,8.54855588e-05,0.024582,0.244084,9.16962903e-05,1.677585e+05
0.020710,0.024536,0.245050,8.56337049e-05,0.024451,0.246888,9.16903289e-05,1.703865e+05
0.020810,0.024407,0.247827,8.57821830e-05,0.024322,0.249702,9.16842793e-05,1.730348e+05
0.020910,0.024280,0.250614,8.59309691e-05,0.024194,0.252527,9.16781402e-05,1.757035e+05
0.021010,0.024155,0.253412,8.60800410e-05,0.024069,0.255363,9.16719105e-05,1.783926e+05
0.021110,0.024031,0.256220,8.62293781e-05,0.023945,0.258209,9.16655888e-05,1.811023e+05
0.021210,0.023910,0.259039,8.63789611e-05,0.023823,0.261067,9.16591741e-05,1.838326e+05
0.021310,0.023789,0.261869,8.65287726e-05,0.023703,0.263937,9.16526650e-05,1.865838e+05
0.021410,0.023671,0.264709,8.66787962e-05,0.023584,0.266818,9.16460604e-05,1.893557e+05
0.021510,0.023554,0.267562,8.68290168e-05,0.023467,0.269711,9.16393591e-05,1.921486e+05
0.021610,0.023438,0.270425,8.69794204e-05,0.023351,0.272616,9.16325598e-05,1.949625e+05
0.021710,0.023324,0.273300,8.71299942e-05,0.023237,0.275533,9.16256612e-05,1.977974e+05
0.021810,0.023212,0.276187,8.72807265e-05,0.023125,0.278463,9.16186622e-05,2.006534e+05
0.021910,0.023101,0.279086,8.74316062e-05,0.023014,0.281406,9.16115616e-05,2.035306e+05
0.022010,0.022991,0.281998,8.75826236e-05,0.022904,0.284361,9.16043580e-05,2.064290e+05
0.022110,0.022883,0.284921,8.77337693e-05,0.022796,0.287329,9.15970503e-05,2.093487e+05
0.022210,0.022776,0.287857,8.78850351e-05,0.022689,0.290310,9.15896372e-05,2.122896e+05
0.022310,0.022671,0.290805,8.80364133e-05,0.022583,0.293305,9.15821175e-05,2.152518e+05
0.022410,0.022567,0.293766,8.81878972e-05,0.022479,0.296312,9.15744898e-05,2.182354e+05
0.022510,0.022464,0.296740,8.83394803e-05,0.022376,0.299334,9.15667530e-05,2.212403e+05
0.022610,0.022362,0.299727,8.84911572e-05,0.022274,0.302369,9.15589058e-05,2.242665e+05
0.022710,0.022262,0.302726,8.86429228e-05,0.022173,0.305417,9.15509469e-05,2.273142e+05
0.022810,0.022163,0.305739,8.87947726e-05,0.022074,0.308480,9.15428750e-05,2.303832e+05
0.022910,0.022065,0.308766,8.89467027e-05,0.021976,0.311557,9.15346889e-05,2.334735e+05
0.023010,0.021968,0.311805,8.90987096e-05,0.021879,0.314647,9.15263873e-05,2.365852e+05
0.023110,0.021872,0.314858,8.92507905e-05,0.021783,0.317753,9.15179689e-05,2.397182e+05
0.023210,0.021778,0.317925,8.94029427e-05,0.021688,0.320872,9.15094324e-05,2.428725e+05
0.023310,0.021684,0.321005,8.95551643e-05,0.021595,0.324006,9.15007766e-05,2.460481e+05
0.023410,0.021592,0.324099,8.97074534e-05,0.021502,0.327155,9.14920001e-05,2.492450e+05
0.023510,0.021501,0.327207,8.98598089e-05,0.021411,0.330318,9.14831016e-05,2.524630e+05
0.023610,0.021411,0.330329,9.00122298e-05,0.021321,0.333496,9.14740798e-05,2.557023e+05
0.023710,0.021322,0.333465,9.01647155e-05,0.021231,0.336689,9.14649334e-05,2.589626e+05
0.023810,0.021234,0.336615,9.03172657e-05,0.021143,0.339897,9.14556612e-05,2.622440e+05
0.023910,0.021146,0.339779,9.04698806e-05,0.021056,0.343121,9.14462617e-05,2.655464e+05
0.024010,0.021060,0.342958,9.06225606e-05,0.020970,0.346359,9.14367336e-05,2.688697e+05
0.024110,0.020975,0.346151,9.07753062e-05,0.020884,0.349613,9.14270757e-05,2.722139e+05
0.024210,0.020891,0.349358,9.09281184e-05,0.020800,0.352882,9.14172866e-05,2.755788e+05
0.024310,0.020808,0.352580,9.10809985e-05,0.020717,0.356167,9.14073649e-05,2.789645e+05
0.024410,0.020726,0.355816,9.12339478e-05,0.020634,0.359467,9.13973094e-05,2.823707e+05
0.024510,0.020644,0.359067,9.13869681e-05,0.020553,0.362783,9.13871187e-05,2.857975e+05
0.024610,0.020564,0.362333,9.15400613e-05,0.020472,0.366115,9.13767913e-05,2.892447e+05
0.024710,0.020484,0.365614,9.16932295e-05,0.020393,0.369462,9.13663261e-05,2.927122e+05
0.024810,0.020406,0.368909,9.18464751e-05,0.020314,0.372826,9.13557216e-05,2.961999e+05
0.024910,0.020328,0.372219,9.19998006e-05,0.020236,0.376206,9.13449764e-05,2.997077e+05
0.025010,0.020251,0.375544,9.21532088e-05,0.020159,0.379601,9.13340893e-05,3.032354e+05
0.025110,0.020175,0.378884,9.23067026e-05,0.020083,0.383013,9.13230588e-05,3.067829e+05
0.025210,0.020100,0.382240,9.24602851e-05,0.020008,0.386441,9.13118836e-05,3.103502e+05
0.025310,0.020026,0.385610,9.26139596e-05,0.019933,0.389885,9.13005623e-05,3.139370e+05
0.025410,0.019952,0.388995,9.27677296e-05,0.019859,0.393346,9.12890935e-05,3.175432e+05
0.025510,0.019880,0.392396,9.29215987e-05,0.019787,0.396824,9.12774759e-05,3.211687e+05
0.025610,0.019808,0.395812,9.30755705e-05,0.019715,0.400317,9.12657080e-05,3.248132e+05
0.025710,0.019737,0.399243,9.32296491e-05,0.019643,0.403828,9.12537886e-05,3.284767e+05
0.025810,0.019666,0.402690,9.33838384e-05,0.019573,0.407355,9.12417161e-05,3.321589e+05
0.025910,0.019597,0.406152,9.35381427e-05,0.019503,0.410899,9.12294893e-05,3.358598e+05
0.026010,0.019528,0.409629,9.36925662e-05,0.019434,0.414460,9.12171067e-05,3.395790e+05
0.026110,0.019460,0.413122,9.38471134e-05,0.019366,0.418038,9.12045670e-05,3.433164e+05
0.026210,0.019393,0.416631,9.40017889e-05,0.019299,0.421633,9.11918687e-05,3.470719e+05
0.026310,0.019327,0.420155,9.41565972e-05,0.019232,0.425244,9.11790105e-05,3.508451e+05
0.026410,0.019261,0.423694,9.43115433e-05,0.019167,0.428873,9.11659909e-05,3.546360e+05
0.026510,0.019196,0.427249,9.44666319e-05,0.019101,0.432520,9.11528086e-05,3.584443e+05
0.026610,0.019132,0.430820,9.46218680e-05,0.019037,0.436183,9.11394622e-05,3.622697e+05
0.026710,0.019068,0.434406,9.47772569e-05,0.018973,0.439864,9.11259503e-05,3.661121e+05
0.026810,0.019005,0.438009,9.49328036e-05,0.018910,0.443562,9.11122714e-05,3.699713e+05
0.026910,0.018943,0.441626,9.50885134e-05,0.018848,0.447278,9.10984242e-05,3.738469e+05
0.027010,0.018882,0.445260,9.52443918e-05,0.018787,0.451011,9.10844072e-05,3.777387e+05
0.027110,0.018821,0.448910,9.54004442e-05,0.018726,0.454762,9.10702191e-05,3.816465e+05
0.027210,0.018761,0.452575,9.55566760e-05,0.018666,0.458531,9.10558585e-05,3.855701e+05
0.027310,0.018702,0.456256,9.57130931e-05,0.018606,0.462317,9.10413240e-05,3.895091e+05
0.027410,0.018643,0.459953,9.58697010e-05,0.018547,0.466122,9.10266141e-05,3.934633e+05
0.027510,0.018585,0.463666,9.60265056e-05,0.018489,0.469944,9.10117275e-05,3.974325e+05
0.027610,0.018528,0.467394,9.61835127e-05,0.018432,0.473784,9.09966627e-05,4.014163e+05
0.027710,0.018471,0.471139,9.63407282e-05,0.018375,0.477642,9.09814184e-05,4.054144e+05
0.027810,0.018415,0.474900,9.64981582e-05,0.018319,0.481519,9.09659932e-05,4.094267e+05
0.027910,0.018360,0.478676,9.66558087e-05,0.018263,0.485413,9.09503856e-05,4.134526e+05
0.028010,0.018305,0.482469,9.68136858e-05,0.018208,0.489326,9.09345943e-05,4.174921e+05
0.028110,0.018251,0.486277,9.69717958e-05,0.018154,0.493258,9.09186178e-05,4.215446e+05
0.028210,0.018197,0.490102,9.71301448e-05,0.018100,0.497207,9.09024549e-05,4.256100e+05
0.028310,0.018145,0.493942,9.72887392e-05,0.018047,0.501176,9.08861040e-05,4.296879e+05
0.028410,0.018092,0.497799,9.74475854e-05,0.017995,0.505163,9.08695638e-05,4.337780e+05
0.028510,0.018041,0.501671,9.76066898e-05,0.017943,0.509168,9.08528329e-05,4.378799e+05
0.028610,0.017990,0.505560,9.77660589e-05,0.017892,0.513193,9.08359100e-05,4.419933e+05
0.028710,0.017939,0.509464,9.79256991e-05,0.017841,0.517236,9.08187936e-05,4.461178e+05
0.028810,0.017889,0.513385,9.80856171e-05,0.017791,0.521298,9.08014823e-05,4.502531e+05
0.028910,0.017840,0.517322,9.82458195e-05,0.017742,0.525380,9.07839749e-05,4.543989e+05
0.029010,0.017792,0.521275,9.84063129e-05,0.017693,0.529480,9.07662698e-05,4.585546e+05
0.029110,0.017744,0.525244,9.85671041e-05,0.017645,0.533600,9.07483658e-05,4.627201e+05
0.029210,0.017696,0.529229,9.87281998e-05,0.017598,0.537739,9.07302615e-05,4.668949e+05
0.029310,0.017649,0.533230,9.88896069e-05,0.017550,0.541898,9.07119555e-05,4.710785e+05
0.029410,0.017603,0.537247,9.90513322e-05,0.017504,0.546076,9.06934465e-05,4.752707e+05
0.029510,0.017557,0.541280,9.92133825e-05,0.017458,0.550274,9.06747331e-05,4.794710e+05
0.029610,0.017512,0.545329,9.93757648e-05,0.017413,0.554491,9.06558139e-05,4.836791e+05
0.029710,0.017468,0.549394,9.95384860e-05,0.017368,0.558729,9.06366877e-05,4.878944e+05
0.029810,0.017424,0.553476,9.97015532e-05,0.017324,0.562986,9.06173530e-05,4.921167e+05
0.029910,0.017380,0.557573,9.98649733e-05,0.017280,0.567264,9.05978086e-05,4.963454e+05
0.030010,0.017337,0.561687,1.00028753e-04,0.017237,0.571562,9.05780532e-05,5.005802e+05
0.030110,0.017295,0.565816,1.00192901e-04,0.017195,0.575880,9.05580853e-05,5.048206e+05
0.030210,0.017253,0.569962,1.00357422e-04,0.017153,0.580220,9.05379037e-05,5.090662e+05
0.030310,0.017212,0.574123,1.00522325e-04,0.017112,0.584579,9.05175071e-05,5.133165e+05
0.030410,0.017171,0.578301,1.00687617e-04,0.017071,0.588960,9.04968941e-05,5.175711e+05
0.030510,0.017131,0.582495,1.00853304e-04,0.017030,0.593362,9.04760635e-05,5.218296e+05
0.030610,0.017092,0.586704,1.01019394e-04,0.016991,0.597785,9.04550140e-05,5.260914e+05
0.030710,0.017053,0.590930,1.01185895e-04,0.016951,0.602229,9.04337444e-05,5.303562e+05
0.030810,0.017014,0.595172,1.01352813e-04,0.016913,0.606696,9.04122532e-05,5.346234e+05
0.030910,0.016976,0.599429,1.01520156e-04,0.016875,0.611184,9.03905393e-05,5.388926e+05
0.031010,0.016939,0.603703,1.01687931e-04,0.016837,0.615694,9.03686014e-05,5.431633e+05
0.031110,0.016902,0.607992,1.01856146e-04,0.016800,0.620226,9.03464383e-05,5.474350e+05
0.031210,0.016865,0.612297,1.02024808e-04,0.016763,0.624781,9.03240487e-05,5.517073e+05
0.031310,0.016829,0.616619,1.02193924e-04,0.016727,0.629358,9.03014313e-05,5.559795e+05
0.031410,0.016794,0.620956,1.02363502e-04,0.016692,0.633959,9.02785850e-05,5.602514e+05
0.031510,0.016759,0.625309,1.02533550e-04,0.016656,0.638583,9.02555085e-05,5.645222e+05
0.031610,0.016725,0.629678,1.02704074e-04,0.016622,0.643231,9.02322006e-05,5.687916e+05
0.031710,0.016691,0.634062,1.02875082e-04,0.016588,0.647902,9.02086602e-05,5.730590e+05
0.031810,0.016657,0.638463,1.03046582e-04,0.016554,0.652598,9.01848860e-05,5.773239e+05
0.031910,0.016624,0.642879,1.03218581e-04,0.016521,0.657319,9.01608768e-05,5.815859e+05
0.032010,0.016592,0.647311,1.03391087e-04,0.016489,0.662065,9.01366315e-05,5.858442e+05
0.032110,0.016560,0.651758,1.03564107e-04,0.016457,0.666836,9.01121489e-05,5.900986e+05
0.032210,0.016529,0.656222,1.03737649e-04,0.016425,0.671633,9.00874279e-05,5.943483e+05
0.032310,0.016498,0.660701,1.03911720e-04,0.016394,0.676456,9.00624673e-05,5.985930e+05
0.032410,0.016468,0.665196,1.04086328e-04,0.016364,0.681307,9.00372661e-05,6.028319e+05
0.032510,0.016438,0.669706,1.04261481e-04,0.016333,0.686185,9.00118230e-05,6.070647e+05
0.032610,0.016408,0.674232,1.04437186e-04,0.016304,0.691090,8.99861369e-05,6.112908e+05
0.032710,0.016379,0.678773,1.04613451e-04,0.016275,0.696025,8.99602069e-05,6.155096e+05
0.032810,0.016351,0.683330,1.04790283e-04,0.016246,0.700989,8.99340318e-05,6.197205e+05
0.032910,0.016323,0.687903,1.04967690e-04,0.016218,0.705983,8.99076104e-05,6.239231e+05
0.033010,0.016296,0.692491,1.05145680e-04,0.016190,0.711007,8.98809419e-05,6.281167e+05
0.033110,0.016269,0.697094,1.05324261e-04,0.016163,0.716064,8.98540251e-05,6.323009e+05
0.033210,0.016242,0.701713,1.05503439e-04,0.016137,0.721153,8.98268589e-05,6.364750e+05
0.033310,0.016216,0.706348,1.05683223e-04,0.016110,0.726276,8.97994424e-05,6.406384e+05
0.033410,0.016190,0.710997,1.05863620e-04,0.016085,0.731433,8.97717746e-05,6.447908e+05
0.033510,0.016165,0.715662,1.06044638e-04,0.016059,0.736627,8.97438544e-05,6.489313e+05
0.033610,0.016141,0.720342,1.06226286e-04,0.016035,0.741858,8.97156809e-05,6.530596e+05
0.033710,0.016117,0.725038,1.06408569e-04,0.016010,0.747127,8.96872531e-05,6.571750e+05
0.033810,0.016093,0.729748,1.06591497e-04,0.015986,0.752437,8.96585701e-05,6.612770e+05
0.033910,0.016070,0.734474,1.06775076e-04,0.015963,0.757788,8.96296308e-05,6.653649e+05
0.034010,0.016047,0.739215,1.06959315e-04,0.015940,0.763184,8.96004344e-05,6.694383e+05
0.034110,0.016025,0.743971,1.07144221e-04,0.015918,0.768625,8.95709800e-05,6.734965e+05
0.034210,0.016003,0.748742,1.07329802e-04,0.015896,0.774115,8.95412666e-05,6.775390e+05
0.034310,0.015982,0.753528,1.07516066e-04,0.015874,0.779655,8.95112934e-05,6.815652e+05
0.034410,0.015961,0.758329,1.07703020e-04,0.015853,0.785250,8.94810595e-05,6.855745e+05
0.034510,0.015940,0.763145,1.07890672e-04,0.015832,0.790901,8.94505640e-05,6.895663e+05
0.034610,0.015920,0.767976,1.08079030e-04,0.015812,0.796614,8.94198062e-05,6.935401e+05
0.034710,0.015901,0.772822,1.08268101e-04,0.015792,0.802391,8.93887851e-05,6.974953e+05
0.034810,0.015882,0.777682,1.08457894e-04,0.015773,0.808238,8.93574999e-05,7.014314e+05
0.034910,0.015863,0.782557,1.08648415e-04,0.015754,0.814160,8.93259499e-05,7.053476e+05
0.035010,0.015845,0.787447,1.08839673e-04,0.015736,0.820163,8.92941343e-05,7.092436e+05
0.035110,0.015827,0.792352,1.09031676e-04,0.015718,0.826255,8.92620523e-05,7.131186e+05
0.035210,0.015810,0.797271,1.09224430e-04,0.015701,0.832444,8.92297031e-05,7.169722e+05
0.035310,0.015793,0.802205,1.09417945e-04,0.015684,0.838739,8.91970861e-05,7.208037e+05
0.035410,0.015777,0.807153,1.09612226e-04,0.015667,0.845153,8.91642005e-05,7.246125e+05
0.035510,0.015761,0.812116,1.09807283e-04,0.015651,0.851699,8.91310456e-05,7.283982e+05
0.035610,0.015745,0.817093,1.10003123e-04,0.015635,0.858395,8.90976207e-05,7.321602e+05
0.035710,0.015730,0.822085,1.10199754e-04,0.015620,0.865261,8.90639251e-05,7.358978e+05
0.035810,0.015716,0.827091,1.10397182e-04,0.015605,0.872323,8.90299582e-05,7.396105e+05
0.035910,0.015702,0.832111,1.10595417e-04,0.015591,0.879614,8.89957194e-05,7.432978e+05
0.036010,0.015688,0.837146,1.10794465e-04,0.015577,0.887178,8.89612080e-05,7.469590e+05
0.036110,0.015675,0.842195,1.10994335e-04,0.015564,0.895071,8.89264234e-05,7.505937e+05
0.036210,0.015662,0.847257,1.11195033e-04,0.015551,0.903374,8.88913650e-05,7.542013e+05
0.036310,0.015649,0.852334,1.11396569e-04,0.015538,0.912201,8.88560323e-05,7.577812e+05
0.036410,0.015638,0.857426,1.11598948e-04,0.015526,0.921729,8.88204248e-05,7.613329e+05
0.036510,0.015626,0.862531,1.11802180e-04,0.015514,0.932253,8.87845418e-05,7.648558e+05
0.036610,0.015615,0.867650,1.12006271e-04,0.015503,0.944339,8.87483828e-05,7.683494e+05
0.036710,0.015604,0.872782,1.12211229e-04,0.015492,0.959371,8.87119474e-05,7.718131e+05
0.036810,0.015594,0.877929,1.12417063e-04,0.015482,0.984390,8.86752350e-05,7.752465e+05
0.036910,0.015584,0.883090,1.12623779e-04,0.015472,0.999999,8.86382453e-05,7.786489e+05
0.037010,0.015575,0.888264,1.12831385e-04,0.015462,0.999999,8.86009776e-05,7.820199e+05
0.037110,0.015566,0.893452,1.13039889e-04,0.015453,0.999999,8.85634317e-05,7.853589e+05
0.037210,0.015558,0.898653,1.13249298e-04,0.015445,0.999999,8.85256071e-05,7.886655e+05
0.037310,0.015550,0.903868,1.13459621e-04,0.015436,0.999999,8.84875033e-05,7.919390e+05
0.037410,0.015542,0.909097,1.13670863e-04,0.015429,0.999999,8.84491201e-05,7.951790e+05
0.037510,0.015535,0.914339,1.13883035e-04,0.015421,0.999999,8.84104570e-05,7.983850e+05
0.037610,0.015529,0.919595,1.14096142e-04,0.015414,0.999999,8.83715136e-05,8.015565e+05
0.037710,0.015522,0.924864,1.14310192e-04,0.015408,0.999999,8.83322898e-05,8.046929e+05
0.037810,0.015516,0.930146,1.14525193e-04,0.015402,0.999999,8.82927850e-05,8.077939e+05
0.037910,0.015511,0.935441,1.14741153e-04,0.015396,0.999999,8.82529992e-05,8.108589e+05
0.038010,0.015506,0.940750,1.14958078e-04,0.015391,0.999999,8.82129318e-05,8.138874e+05
0.038110,0.015502,0.946072,1.15175978e-04,0.015386,0.999999,8.81725828e-05,8.168789e+05
0.038210,0.015497,0.951407,1.15394858e-04,0.015382,0.999999,8.81319519e-05,8.198331e+05
0.038310,0.015494,0.956754,1.15614727e-04,0.015378,0.999999,8.80910388e-05,8.227493e+05
0.038410,0.015491,0.962115,1.15835592e-04,0.015375,0.999999,8.80498433e-05,8.256273e+05
0.038510,0.015488,0.967489,1.16057461e-04,0.015372,0.999999,8.80083653e-05,8.284664e+05
0.038610,0.015485,0.972876,1.16280340e-04,0.015369,0.999999,8.79666045e-05,8.312664e+05
0.038710,0.015483,0.978275,1.16504239e-04,0.015367,0.999999,8.79245608e-05,8.340267e+05
0.038810,0.015482,0.983687,1.16729163e-04,0.015365,0.999999,8.78822341e-05,8.367469e+05
0.038910,0.015481,0.989112,1.16955121e-04,0.015364,0.999999,8.78396242e-05,8.394267e+05
0.039010,0.015480,0.994550,1.17182120e-04,0.015363,0.999999,8.77967310e-05,8.420655e+05
0.039110,0.015480,1.000001,1.18172674e-04,0.015362,1.000001,8.77535463e-05,8.446630e+05
0.039110,0.015480,1.000001,1.18172674e-04,0.015362,1.000001,8.77535463e-05,8.446630e+05
0.039142,0.015480,1.003463,1.18172614e-04,0.015362,1.000001,8.77260261e-05,8.456260e+05
0.039175,0.015480,1.006931,1.18172559e-04,0.015362,1.000001,8.76983841e-05,8.465718e+05
0.039208,0.015481,1.010403,1.18172507e-04,0.015363,1.000001,8.76706288e-05,8.475003e+05
0.039241,0.015481,1.013881,1.18411148e-04,0.015363,1.000001,8.76427606e-05,8.484113e+05
0.039273,0.015482,1.017363,1.18651236e-04,0.015364,1.000001,8.76147797e-05,8.493048e+05
0.039306,0.015483,1.020851,1.18881796e-04,0.015364,1.000001,8.75866866e-05,8.501808e+05
0.039339,0.015484,1.024342,1.19104712e-04,0.015365,1.000001,8.75584816e-05,8.510391e+05
0.039372,0.015486,1.027839,1.19321277e-04,0.015366,1.000001,8.75301651e-05,8.518796e+05
0.039404,0.015487,1.031340,1.19532432e-04,0.015367,1.000001,8.75017375e-05,8.527024e+05
0.039437,0.015489,1.034845,1.19738885e-04,0.015369,1.000001,8.74731993e-05,8.535073e+05
0.039470,0.015490,1.038355,1.19941191e-04,0.015371,1.000001,8.74445508e-05,8.542943e+05
0.039502,0.015492,1.041870,1.20139793e-04,0.015372,1.000001,8.74157924e-05,8.550633e+05
0.039535,0.015495,1.045388,1.20335055e-04,0.015374,1.000001,8.73869245e-05,8.558143e+05
0.039568,0.015497,1.048911,1.20527276e-04,0.015376,1.000001,8.73579477e-05,8.565472e+05
0.039600,0.015499,1.052438,1.20716711e-04,0.015379,1.000001,8.73288623e-05,8.572619e+05
0.039633,0.015502,1.055970,1.20903576e-04,0.015381,1.000001,8.72996688e-05,8.579585e+05
0.039666,0.015505,1.059505,1.21088058e-04,0.015384,1.000001,8.72703676e-05,8.586368e+05
0.039698,0.015508,1.063045,1.21270320e-04,0.015387,1.000001,8.72409592e-05,8.592968e+05
0.039731,0.015511,1.066588,1.21450504e-04,0.015390,1.000001,8.72114441e-05,8.599385e+05
0.039763,0.015515,1.070135,1.21628736e-04,0.015393,1.000001,8.71818228e-05,8.605619e+05
0.039796,0.015518,1.073686,1.21805128e-04,0.015396,1.000001,8.71520957e-05,8.611668e+05
0.039829,0.015522,1.077241,1.21979781e-04,0.015400,1.000001,8.71222633e-05,8.617532e+05
0.039861,0.015526,1.080800,1.22152783e-04,0.015404,1.000001,8.70923262e-05,8.623212e+05
0.039894,0.015530,1.084362,1.22324218e-04,0.015407,1.000001,8.70622849e-05,8.628707e+05
0.039926,0.015534,1.087928,1.22494157e-04,0.015412,1.000001,8.70321398e-05,8.634016e+05
0.039958,0.015538,1.091497,1.22662670e-04,0.015416,1.000001,8.70018916e-05,8.639139e+05
0.039991,0.015543,1.095070,1.22829816e-04,0.015420,1.000001,8.69715407e-05,8.644077e+05
0.040023,0.015548,1.098646,1.22995653e-04,0.015425,1.000001,8.69410876e-05,8.648828e+05
0.040056,0.015553,1.102226,1.23160232e-04,0.015430,1.000001,8.69105330e-05,8.653393e+05
0.040088,0.015558,1.105809,1.23323601e-04,0.015434,1.000001,8.68798774e-05,8.657771e+05
0.040120,0.015563,1.109395,1.23485805e-04,0.015440,1.000001,8.68491214e-05,8.661962e+05
0.040153,0.015568,1.112984,1.23646883e-04,0.015445,1.000001,8.68182654e-05,8.665967e+05
0.040185,0.015574,1.116576,1.23806875e-04,0.015450,1.000001,8.67873102e-05,8.669784e+05
0.040217,0.015580,1.120171,1.23965815e-04,0.015456,1.000001,8.67562562e-05,8.673415e+05
0.040249,0.015586,1.123770,1.24123737e-04,0.015462,1.000001,8.67251042e-05,8.676858e+05
0.040282,0.015592,1.127371,1.24280672e-04,0.015468,1.000001,8.66938546e-05,8.680114e+05
0.040314,0.015598,1.130975,1.24436648e-04,0.015474,1.000001,8.66625081e-05,8.683183e+05
0.040346,0.015605,1.134581,1.24591693e-04,0.015480,1.002388,8.66310653e-05,8.686064e+05
0.040378,0.015611,1.138191,1.24745833e-04,0.015487,1.030186,8.65995268e-05,8.688759e+05
0.040410,0.015618,1.141803,1.24899090e-04,0.015493,1.043008,8.65678933e-05,8.691266e+05
0.040442,0.015625,1.145418,1.25051489e-04,0.015500,1.053090,8.65361654e-05,8.693586e+05
0.040474,0.015632,1.149035,1.25203049e-04,0.015507,1.061778,8.65043437e-05,8.695719e+05
0.040506,0.015639,1.152654,1.25353791e-04,0.015514,1.069595,8.64724288e-05,8.697666e+05
0.040538,0.015647,1.156276,1.25503735e-04,0.015521,1.076804,8.64404215e-05,8.699425e+05
0.040570,0.015655,1.159900,1.25652898e-04,0.015529,1.083562,8.64083224e-05,8.700998e+05
0.040601,0.015662,1.163527,1.25801297e-04,0.015537,1.089970,8.63761321e-05,8.702385e+05
0.040633,0.015670,1.167156,1.25948949e-04,0.015544,1.096097,8.63438513e-05,8.703586e+05
0.040665,0.015678,1.170787,1.26095868e-04,0.015552,1.101994,8.63114807e-05,8.704601e+05
0.040696,0.015687,1.174419,1.26242070e-04,0.015561,1.107697,8.62790211e-05,8.705430e+05
0.040728,0.015695,1.178054,1.26387567e-04,0.015569,1.113237,8.62464730e-05,8.706073e+05
0.040760,0.015704,1.181691,1.26532374e-04,0.015577,1.118636,8.62138371e-05,8.706532e+05
0.040791,0.015713,1.185330,1.26676503e-04,0.015586,1.123912,8.61811143e-05,8.706806e+05
0.040823,0.015722,1.188970,1.26819966e-04,0.015595,1.129080,8.61483051e-05,8.706895e+05
0.040854,0.015731,1.192613,1.26962773e-04,0.015604,1.134152,8.61154103e-05,8.706800e+05
0.040886,0.015740,1.196257,1.27104937e-04,0.015613,1.139140,8.60824307e-05,8.706522e+05
0.040917,0.015750,1.199902,1.27246466e-04,0.015622,1.144051,8.60493668e-05,8.706061e+05
0.040948,0.015759,1.203549,1.27387372e-04,0.015632,1.148894,8.60162196e-05,8.705416e+05
0.040979,0.015769,1.207198,1.27527664e-04,0.015642,1.153674,8.59829897e-05,8.704589e+05
0.041011,0.015779,1.210848,1.27667350e-04,0.015651,1.158397,8.59496778e-05,8.703581e+05
0.041042,0.015789,1.214499,1.27806440e-04,0.015661,1.163069,8.59162847e-05,8.702391e+05
0.041073,0.015799,1.218151,1.27944941e-04,0.015672,1.167693,8.58828111e-05,8.701020e+05
0.041104,0.015810,1.221805,1.28082861e-04,0.015682,1.172274,8.58492579e-05,8.699468e+05
0.041135,0.015821,1.225460,1.28220209e-04,0.015692,1.176814,8.58156257e-05,8.697737e+05
0.041166,0.015831,1.229116,1.28356990e-04,0.015703,1.181316,8.57819154e-05,8.695827e+05
0.041197,0.015842,1.232773,1.28493213e-04,0.015714,1.185784,8.57481276e-05,8.693737e+05
0.041227,0.015853,1.236432,1.28628883e-04,0.015725,1.190220,8.57142633e-05,8.691470e+05
0.041258,0.015865,1.240090,1.28764008e-04,0.015736,1.194625,8.56803231e-05,8.689026e+05
0.041289,0.015876,1.243750,1.28898592e-04,0.015747,1.199003,8.56463078e-05,8.686404e+05
0.041320,0.015888,1.247411,1.29032643e-04,0.015759,1.203353,8.56122183e-05,8.683607e+05
0.041350,0.015900,1.251072,1.29166165e-04,0.015770,1.207679,8.55780552e-05,8.680634e+05
0.041381,0.015911,1.254734,1.29299164e-04,0.015782,1.211982,8.55438196e-05,8.677486e+05
0.041411,0.015924,1.258397,1.29431645e-04,0.015794,1.216263,8.55095120e-05,8.674165e+05
0.041441,0.015936,1.262060,1.29563613e-04,0.015806,1.220523,8.54751334e-05,8.670670e+05
0.041472,0.015948,1.265723,1.29695073e-04,0.015819,1.224763,8.54406845e-05,8.667002e+05
0.041502,0.015961,1.269387,1.29826029e-04,0.015831,1.228985,8.54061661e-05,8.663163e+05
0.041532,0.015974,1.273051,1.29956486e-04,0.015844,1.233189,8.53715792e-05,8.659153e+05
0.041562,0.015986,1.276716,1.30086447e-04,0.015856,1.237376,8.53369244e-05,8.654973e+05
0.041592,0.015999,1.280381,1.30215917e-04,0.015869,1.241547,8.53022027e-05,8.650624e+05
0.041622,0.016013,1.284045,1.30344899e-04,0.015882,1.245703,8.52674148e-05,8.646106e+05
0.041652,0.016026,1.287710,1.30473398e-04,0.015896,1.249844,8.52325615e-05,8.641420e+05
0.041682,0.016040,1.291375,1.30601416e-04,0.015909,1.253972,8.51976438e-05,8.636568e+05
0.041712,0.016053,1.295040,1.30728957e-04,0.015923,1.258086,8.51626625e-05,8.631550e+05
0.041741,0.016067,1.298705,1.30856025e-04,0.015936,1.262187,8.51276183e-05,8.626367e+05
0.041771,0.016081,1.302370,1.30982621e-04,0.015950,1.266276,8.50925122e-05,8.621020e+05
0.041801,0.016095,1.306034,1.31108750e-04,0.015964,1.270353,8.50573449e-05,8.615510e+05
0.041830,0.016110,1.309698,1.31234414e-04,0.015978,1.274419,8.50221174e-05,8.609837e+05
0.041859,0.016124,1.313362,1.31359615e-04,0.015993,1.278474,8.49868305e-05,8.604004e+05
0.041889,0.016139,1.317025,1.31484357e-04,0.016007,1.282518,8.49514850e-05,8.598010e+05
0.041918,0.016153,1.320688,1.31608641e-04,0.016022,1.286552,8.49160819e-05,8.591858e+05
0.041947,0.016168,1.324350,1.31732471e-04,0.016037,1.290577,8.48806219e-05,8.585547e+05
0.041976,0.016183,1.328012,1.31855848e-04,0.016052,1.294592,8.48451059e-05,8.579079e+05
0.042005,0.016199,1.331673,1.31978774e-04,0.016067,1.298597,8.48095348e-05,8.572454e+05
0.042034,0.016214,1.335334,1.32101251e-04,0.016082,1.302594,8.47739095e-05,8.565675e+05
0.042063,0.016230,1.338993,1.32223282e-04,0.016097,1.306581,8.47382308e-05,8.558742e+05
0.042092,0.016245,1.342652,1.32344868e-04,0.016113,1.310561,8.47024996e-05,8.551655e+05
0.042120,0.016261,1.346310,1.32466010e-04,0.016129,1.314532,8.46667168e-05,8.544417e+05
0.042149,0.016277,1.349966,1.32586711e-04,0.016145,1.318495,8.46308833e-05,8.537028e+05
0.042177,0.016293,1.353622,1.32706973e-04,0.016161,1.322450,8.45949999e-05,8.529489e+05
0.042206,0.016310,1.357277,1.32826795e-04,0.016177,1.326397,8.45590675e-05,8.521802e+05
0.042206,0.016310,1.357277,1.32826795e-04,0.016177,1.326397,8.45590675e-05,8.521802e+05
0.042397,0.016420,1.381121,1.33629586e-04,0.016286,1.352000,8.43231904e-05,8.469541e+05
0.042588,0.016530,1.403588,1.34426809e-04,0.016395,1.375916,8.40986908e-05,8.417449e+05
0.042779,0.016639,1.424881,1.35218946e-04,0.016504,1.398430,8.38839478e-05,8.365665e+05
0.042970,0.016748,1.445158,1.36006420e-04,0.016612,1.419754,8.36777156e-05,8.314287e+05
0.043161,0.016857,1.464544,1.36789606e-04,0.016720,1.440049,8.34790112e-05,8.263391e+05
0.043352,0.016966,1.483137,1.37568838e-04,0.016828,1.459443,8.32870416e-05,8.213031e+05
0.043543,0.017074,1.501020,1.38344413e-04,0.016935,1.478037,8.31011556e-05,8.163246e+05
0.043734,0.017182,1.518262,1.39116600e-04,0.017042,1.495915,8.29208101e-05,8.114068e+05
0.043925,0.017289,1.534918,1.39885638e-04,0.017149,1.513146,8.27455458e-05,8.065516e+05
0.044116,0.017396,1.551039,1.40651745e-04,0.017256,1.529789,8.25749702e-05,8.017606e+05
0.044307,0.017503,1.566667,1.41415118e-04,0.017362,1.545893,8.24087441e-05,7.970350e+05
0.044498,0.017610,1.581839,1.42175935e-04,0.017467,1.561502,8.22465717e-05,7.923752e+05
0.044690,0.017716,1.596586,1.42934361e-04,0.017573,1.576652,8.20881933e-05,7.877817e+05
0.044881,0.017822,1.610937,1.43690543e-04,0.017678,1.591377,8.19333790e-05,7.832545e+05
0.045072,0.017927,1.624918,1.44444619e-04,0.017783,1.605704,8.17819239e-05,7.787935e+05
0.045263,0.018033,1.638552,1.45196713e-04,0.017887,1.619660,8.16336444e-05,7.743984e+05
0.045454,0.018137,1.651857,1.45946940e-04,0.017991,1.633267,8.14883753e-05,7.700688e+05
0.045645,0.018242,1.664853,1.46695406e-04,0.018095,1.646546,8.13459668e-05,7.658042e+05
0.045836,0.018346,1.677556,1.47442209e-04,0.018199,1.659515,8.12062829e-05,7.616039e+05
0.046027,0.018450,1.689982,1.48187439e-04,0.018302,1.672190,8.10691993e-05,7.574674e+05
0.046218,0.018554,1.702143,1.48931181e-04,0.018405,1.684587,8.09346021e-05,7.533938e+05
0.046409,0.018657,1.714054,1.49673511e-04,0.018507,1.696720,8.08023865e-05,7.493823e+05
0.046600,0.018760,1.725724,1.50414501e-04,0.018609,1.708601,8.06724559e-05,7.454322e+05
0.046791,0.018862,1.737165,1.51154218e-04,0.018711,1.720242,8.05447208e-05,7.415427e+05
0.046982,0.018965,1.748387,1.51892726e-04,0.018813,1.731654,8.04190981e-05,7.377128e+05
0.047173,0.019067,1.759399,1.52630081e-04,0.018914,1.742847,8.02955106e-05,7.339417e+05
0.047364,0.019168,1.770209,1.53366337e-04,0.019015,1.753829,8.01738861e-05,7.302285e+05
0.047556,0.019270,1.780826,1.54101546e-04,0.019115,1.764610,8.00541573e-05,7.265723e+05
0.047747,0.019371,1.791257,1.54835754e-04,0.019216,1.775197,7.99362608e-05,7.229723e+05
0.047938,0.019471,1.801508,1.55569005e-04,0.019316,1.785598,7.98201375e-05,7.194275e+05
0.048129,0.019571,1.811586,1.56301341e-04,0.019415,1.795820,7.97057314e-05,7.159371e+05
0.048320,0.019671,1.821498,1.57032800e-04,0.019514,1.805869,7.95929899e-05,7.125002e+05
0.048511,0.019771,1.831248,1.57763419e-04,0.019613,1.815751,7.94818633e-05,7.091159e+05
0.048702,0.019870,1.840843,1.58493231e-04,0.019712,1.825472,7.93723047e-05,7.057833e+05
0.048893,0.019969,1.850287,1.59222268e-04,0.019810,1.835037,7.92642695e-05,7.025016e+05
0.049084,0.020068,1.859586,1.59950561e-04,0.019908,1.844453,7.91577155e-05,6.992699e+05
0.049275,0.020166,1.868743,1.60678136e-04,0.020006,1.853722,7.90526027e-05,6.960874e+05
0.049466,0.020264,1.877764,1.61405021e-04,0.020103,1.862850,7.89488928e-05,6.929534e+05
0.049657,0.020362,1.886651,1.62131240e-04,0.020200,1.871842,7.88465495e-05,6.898669e+05
0.049848,0.020459,1.895410,1.62856817e-04,0.020296,1.880701,7.87455383e-05,6.868271e+05
0.050039,0.020556,1.904043,1.63581773e-04,0.020393,1.889430,7.86458260e-05,6.838334e+05
0.050230,0.020653,1.912554,1.64306129e-04,0.020489,1.898035,7.85473811e-05,6.808848e+05
0.050421,0.020749,1.920947,1.65029905e-04,0.020584,1.906518,7.84501734e-05,6.779807e+05
0.050613,0.020845,1.929225,1.65753118e-04,0.020680,1.914883,7.83541739e-05,6.751203e+05
0.050804,0.020941,1.937391,1.66475786e-04,0.020775,1.923132,7.82593549e-05,6.723029e+05
0.050995,0.021036,1.945447,1.67197924e-04,0.020869,1.931270,7.81656899e-05,6.695277e+05
0.051186,0.021132,1.953396,1.67919549e-04,0.020964,1.939298,7.80731533e-05,6.667941e+05
0.051377,0.021226,1.961242,1.68640673e-04,0.021058,1.947220,7.79817206e-05,6.641013e+05
0.051568,0.021321,1.968986,1.69361312e-04,0.021151,1.955037,7.78913682e-05,6.614488e+05
0.051759,0.021415,1.976631,1.70081477e-04,0.021245,1.962754,7.78020734e-05,6.588357e+05
0.051950,0.021508,1.984180,1.70801180e-04,0.021338,1.970372,7.77138144e-05,6.562614e+05
0.052141,0.021602,1.991634,1.71520432e-04,0.021430,1.977893,7.76265701e-05,6.537254e+05
0.052332,0.021695,1.998997,1.72239244e-04,0.021523,1.985320,7.75403202e-05,6.512270e+05
0.052523,0.021788,2.006269,1.72957626e-04,0.021615,1.992655,7.74550452e-05,6.487656e+05
0.052714,0.021880,2.013452,1.73675587e-04,0.021706,1.999900,7.73707260e-05,6.463405e+05
0.052905,0.021972,2.020550,1.74393136e-04,0.021798,2.007057,7.72873445e-05,6.439512e+05
0.053096,0.022064,2.027563,1.75110281e-04,0.021889,2.014128,7.72048829e-05,6.415971e+05
0.053287,0.022155,2.034494,1.75827029e-04,0.021979,2.021115,7.71233242e-05,6.392776e+05
0.053479,0.022246,2.041344,1.76543388e-04,0.022070,2.028019,7.70426518e-05,6.369923e+05
0.053670,0.022337,2.048114,1.77259365e-04,0.022160,2.034842,7.69628497e-05,6.347404e+05
0.053861,0.022428,2.054807,1.77974965e-04,0.022250,2.041587,7.68839025e-05,6.325216e+05
0.054052,0.022518,2.061424,1.78690194e-04,0.022339,2.048253,7.68057950e-05,6.303352e+05
0.054243,0.022608,2.067967,1.79405059e-04,0.022428,2.054844,7.67285128e-05,6.281808e+05
0.054434,0.022697,2.074436,1.80119564e-04,0.022517,2.061361,7.66520417e-05,6.260579e+05
0.054625,0.022786,2.080833,1.80833713e-04,0.022605,2.067804,7.65763679e-05,6.239660e+05
0.054816,0.022875,2.087160,1.81547512e-04,0.022693,2.074175,7.65014782e-05,6.219046e+05
0.055007,0.022963,2.093418,1.82260965e-04,0.022781,2.080477,7.64273596e-05,6.198732e+05
0.055198,0.023052,2.099608,1.82974074e-04,0.022869,2.086709,7.63539996e-05,6.178713e+05
0.055389,0.023139,2.105732,1.83686844e-04,0.022956,2.092874,7.62813859e-05,6.158986e+05
0.055580,0.023227,2.111790,1.84399278e-04,0.023042,2.098972,7.62095066e-05,6.139546e+05
0.055771,0.023314,2.117784,1.85111378e-04,0.023129,2.105005,7.61383503e-05,6.120388e+05
0.055962,0.023401,2.123715,1.85823148e-04,0.023215,2.110973,7.60679056e-05,6.101508e+05
0.056153,0.023487,2.129583,1.86534590e-04,0.023301,2.116879,7.59981616e-05,6.082903e+05
0.056344,0.023574,2.135391,1.87245706e-04,0.023386,2.122723,7.59291077e-05,6.064567e+05
0.056536,0.023659,2.141139,1.87956498e-04,0.023471,2.128505,7.58607334e-05,6.046497e+05
0.056727,0.023745,2.146827,1.88666968e-04,0.023556,2.134228,7.57930288e-05,6.028690e+05
0.056918,0.023830,2.152458,1.89377117e-04,0.023641,2.139892,7.57259838e-05,6.011141e+05
0.057109,0.023915,2.158032,1.90086947e-04,0.023725,2.145498,7.56595890e-05,5.993846e+05
0.057300,0.023999,2.163549,1.90796460e-04,0.023809,2.151047,7.55938349e-05,5.976802e+05
0.057491,0.024084,2.169011,1.91505655e-04,0.023892,2.156540,7.55287124e-05,5.960006e+05
0.057682,0.024168,2.174419,1.92214535e-04,0.023975,2.161978,7.54642126e-05,5.943453e+05
0.057873,0.024251,2.179773,1.92923099e-04,0.024058,2.167361,7.54003267e-05,5.927140e+05
0.058064,0.024334,2.185075,1.93631348e-04,0.024141,2.172691,7.53370464e-05,5.911065e+05
0.058255,0.024417,2.190324,1.94339283e-04,0.024223,2.177968,7.52743632e-05,5.895223e+05
0.058446,0.024500,2.195522,1.95046904e-04,0.024305,2.183193,7.52122691e-05,5.879611e+05
0.058637,0.024582,2.200670,1.95754211e-04,0.024386,2.188367,7.51507562e-05,5.864227e+05
0.058828,0.024664,2.205768,1.96461204e-04,0.024467,2.193491,7.50898168e-05,5.849066e+05
0.059019,0.024745,2.210818,1.97167883e-04,0.024548,2.198565,7.50294432e-05,5.834127e+05
0.059210,0.024827,2.215819,1.97874248e-04,0.024629,2.203591,7.49696281e-05,5.819406e+05
0.059401,0.024908,2.220772,1.98580298e-04,0.024709,2.208568,7.49103643e-05,5.804899e+05
0.059593,0.024988,2.225678,1.99286033e-04,0.024789,2.213497,7.48516447e-05,5.790605e+05
0.059784,0.025069,2.230539,1.99991453e-04,0.024869,2.218380,7.47934623e-05,5.776521e+05
0.059975,0.025148,2.235353,2.00696556e-04,0.024948,2.223217,7.47358106e-05,5.762643e+05
0.060166,0.025228,2.240123,2.01401342e-04,0.025027,2.228007,7.46786827e-05,5.748969e+05
0.060357,0.025307,2.244848,2.02105810e-04,0.025105,2.232753,7.46220722e-05,5.735496e+05
0.060548,0.025386,2.249529,2.02809959e-04,0.025183,2.237455,7.45659729e-05,5.722221e+05
0.060739,0.025465,2.254167,2.03513789e-04,0.025261,2.242113,7.45103784e-05,5.709143e+05
0.060930,0.025543,2.258763,2.04217297e-04,0.025339,2.246728,7.44552828e-05,5.696259e+05
0.061121,0.025621,2.263316,2.04920484e-04,0.025416,2.251300,7.44006800e-05,5.683565e+05
0.061312,0.025699,2.267828,2.05623347e-04,0.025493,2.255830,7.43465642e-05,5.671061e+05
0.061503,0.025776,2.272299,2.06325885e-04,0.025570,2.260318,7.42929297e-05,5.658742e+05
0.061694,0.025853,2.276729,2.07028097e-04,0.025646,2.264766,7.42397710e-05,5.646608e+05
0.061885,0.025930,2.281119,2.07729981e-04,0.025722,2.269173,7.41870824e-05,5.634656e+05
0.062076,0.026006,2.285470,2.08431536e-04,0.025798,2.273540,7.41348587e-05,5.622883e+05
0.062267,0.026082,2.289781,2.09132761e-04,0.025873,2.277867,7.40830946e-05,5.611287e+05
0.062459,0.026158,2.294054,2.09833653e-04,0.025948,2.282156,7.40317849e-05,5.599867e+05
0.062650,0.026233,2.298289,2.10534211e-04,0.026023,2.286406,7.39809245e-05,5.588619e+05
0.062841,0.026308,2.302486,2.11234433e-04,0.026097,2.290618,7.39305084e-05,5.577543e+05
0.063032,0.026383,2.306646,2.11934318e-04,0.026171,2.294792,7.38805318e-05,5.566636e+05
0.063223,0.026457,2.310770,2.12633863e-04,0.026245,2.298929,7.38309899e-05,5.555896e+05
0.063414,0.026531,2.314856,2.13333066e-04,0.026318,2.303029,7.37818780e-05,5.545321e+05
0.063605,0.026605,2.318907,2.14031926e-04,0.026391,2.307093,7.37331914e-05,5.534909e+05
0.063796,0.026678,2.322923,2.14730441e-04,0.026464,2.311122,7.36849257e-05,5.524659e+05
0.063987,0.026751,2.326903,2.15428608e-04,0.026536,2.315114,7.36370764e-05,5.514568e+05
0.064178,0.026824,2.330848,2.16126425e-04,0.026608,2.319072,7.35896391e-05,5.504635e+05
0.064369,0.026896,2.334760,2.16823891e-04,0.026680,2.322995,7.35426096e-05,5.494858e+05
0.064560,0.026968,2.338637,2.17521003e-04,0.026751,2.326883,7.34959837e-05,5.485235e+05
0.064751,0.027040,2.342480,2.18217759e-04,0.026822,2.330737,7.34497572e-05,5.475764e+05
0.064942,0.027112,2.346291,2.18914156e-04,0.026893,2.334558,7.34039261e-05,5.466444e+05
0.065133,0.027183,2.350068,2.19610193e-04,0.026963,2.338346,7.33584864e-05,5.457274e+05
0.065324,0.027253,2.353813,2.20305867e-04,0.027033,2.342101,7.33134342e-05,5.448251e+05
0.065516,0.027324,2.357526,2.21001176e-04,0.027103,2.345823,7.32687656e-05,5.439374e+05
0.065707,0.027394,2.361206,2.21696116e-04,0.027172,2.349513,7.32244769e-05,5.430641e+05
0.065898,0.027464,2.364856,2.22390687e-04,0.027241,2.353172,7.31805643e-05,5.422051e+05
0.066089,0.027533,2.368474,2.23084885e-04,0.027310,2.356798,7.31370243e-05,5.413603e+05
0.066280,0.027602,2.372061,2.23778708e-04,0.027378,2.360394,7.30938532e-05,5.405295e+05
0.066471,0.027671,2.375617,2.24472154e-04,0.027446,2.363959,7.30510474e-05,5.397125e+05
0.066662,0.027739,2.379143,2.25165219e-04,0.027514,2.367493,7.30086036e-05,5.389092e+05
0.066853,0.027808,2.382640,2.25857902e-04,0.027582,2.370997,7.29665183e-05,5.381196e+05
0.067044,0.027875,2.386106,2.26550200e-04,0.027649,2.374470,7.29247882e-05,5.373433e+05
0.067235,0.027943,2.389543,2.27242110e-04,0.027716,2.377915,7.28834100e-05,5.365804e+05
0.067426,0.028010,2.392951,2.27933630e-04,0.027782,2.381329,7.28423804e-05,5.358306e+05
0.067617,0.028077,2.396331,2.28624756e-04,0.027848,2.384715,7.28016963e-05,5.350939e+05
0.067808,0.028143,2.399681,2.29315487e-04,0.027914,2.388072,7.27613545e-05,5.343701e+05
0.067999,0.028209,2.403003,2.30005820e-04,0.027979,2.391400,7.27213519e-05,5.336590e+05
0.068190,0.028275,2.406298,2.30695751e-04,0.028044,2.394700,7.26816856e-05,5.329607e+05
0.068382,0.028341,2.409564,2.31385279e-04,0.028109,2.397972,7.26423525e-05,5.322749e+05
0.068573,0.028406,2.412803,2.32074400e-04,0.028174,2.401216,7.26033496e-05,5.316016e+05
0.068764,0.028471,2.416015,2.32763112e-04,0.028238,2.404433,7.25646742e-05,5.309405e+05
0.068955,0.028535,2.419199,2.33451412e-04,0.028302,2.407622,7.25263233e-05,5.302917e+05
0.069146,0.028599,2.422357,2.34139296e-04,0.028365,2.410785,7.24882942e-05,5.296550e+05
0.069337,0.028663,2.425489,2.34826764e-04,0.028428,2.413920,7.24505841e-05,5.290303e+05
0.069528,0.028727,2.428594,2.35513810e-04,0.028491,2.417030,7.24131903e-05,5.284174e+05
0.069719,0.028790,2.431673,2.36200434e-04,0.028554,2.420112,7.23761101e-05,5.278164e+05
0.069910,0.028853,2.434726,2.36886631e-04,0.028616,2.423169,7.23393409e-05,5.272270e+05
0.070101,0.028915,2.437753,2.37572399e-04,0.028678,2.426200,7.23028802e-05,5.266492e+05
0.070292,0.028977,2.440755,2.38257735e-04,0.028739,2.429205,7.22667253e-05,5.260828e+05
0.070483,0.029039,2.443732,2.38942636e-04,0.028800,2.432185,7.22308738e-05,5.255279e+05
0.070674,0.029101,2.446684,2.39627099e-04,0.028861,2.435139,7.21953231e-05,5.249842e+05
0.070865,0.029162,2.449611,2.40311122e-04,0.028922,2.438069,7.21600710e-05,5.244517e+05
0.071056,0.029223,2.452513,2.40994701e-04,0.028982,2.440974,7.21251149e-05,5.239303e+05
0.071247,0.029284,2.455391,2.41677834e-04,0.029042,2.443854,7.20904526e-05,5.234200e+05
0.071439,0.029344,2.458245,2.42360517e-04,0.029101,2.446710,7.20560816e-05,5.229205e+05
0.071630,0.029404,2.461075,2.43042747e-04,0.029161,2.449542,7.20219997e-05,5.224319e+05
0.071821,0.029463,2.463881,2.43724522e-04,0.029220,2.452349,7.19882048e-05,5.219540e+05
0.072012,0.029523,2.466664,2.44405839e-04,0.029278,2.455133,7.19546944e-05,5.214868e+05
0.072203,0.029581,2.469423,2.45086694e-04,0.029336,2.457893,7.19214665e-05,5.210301e+05
0.072394,0.029640,2.472159,2.45767084e-04,0.029394,2.460630,7.18885189e-05,5.205840e+05
0.072585,0.029698,2.474871,2.46447007e-04,0.029452,2.463344,7.18558495e-05,5.201483e+05
0.072776,0.029756,2.477561,2.47126460e-04,0.029509,2.466034,7.18234561e-05,5.197229e+05
0.072967,0.029814,2.480228,2.47805439e-04,0.029566,2.468702,7.17913368e-05,5.193078e+05
0.073158,0.029871,2.482873,2.48483941e-04,0.029623,2.471347,7.17594895e-05,5.189029e+05
0.073349,0.029928,2.485495,2.49161963e-04,0.029679,2.473970,7.17279121e-05,5.185081e+05
0.073540,0.029985,2.488096,2.49839503e-04,0.029735,2.476570,7.16966028e-05,5.181234e+05
0.073731,0.030041,2.490674,2.50516557e-04,0.029790,2.479147,7.16655596e-05,5.177486e+05
0.073922,0.030097,2.493230,2.51193122e-04,0.029846,2.481703,7.16347806e-05,5.173838e+05
0.074113,0.030153,2.495764,2.51869195e-04,0.029901,2.484237,7.16042638e-05,5.170288e+05
0.074305,0.030208,2.498277,2.52544773e-04,0.029955,2.486749,7.15740075e-05,5.166835e+05
0.074496,0.030263,2.500769,2.53219852e-04,0.030010,2.489240,7.15440097e-05,5.163480e+05
0.074687,0.030318,2.503239,2.53894431e-04,0.030064,2.491709,7.15142687e-05,5.160221e+05
0.074878,0.030372,2.505688,2.54568504e-04,0.030117,2.494157,7.14847827e-05,5.157058e+05
0.075069,0.030426,2.508117,2.55242070e-04,0.030171,2.496584,7.14555500e-05,5.153991e+05
0.075260,0.030480,2.510524,2.55915126e-04,0.030224,2.498990,7.14265688e-05,5.151018e+05
0.075451,0.030533,2.512911,2.56587667e-04,0.030276,2.501375,7.13978374e-05,5.148139e+05
0.075642,0.030586,2.515277,2.57259692e-04,0.030329,2.503739,7.13693541e-05,5.145353e+05
0.075833,0.030639,2.517623,2.57931196e-04,0.030381,2.506083,7.13411172e-05,5.142660e+05
0.076024,0.030691,2.519948,2.58602177e-04,0.030432,2.508406,7.13131252e-05,5.140060e+05
0.076215,0.030743,2.522254,2.59272632e-04,0.030484,2.510709,7.12853764e-05,5.137551e+05
0.076406,0.030795,2.524539,2.59942557e-04,0.030535,2.512992,7.12578692e-05,5.135134e+05
0.076597,0.030846,2.526805,2.60611949e-04,0.030585,2.515255,7.12306021e-05,5.132807e+05
0.076788,0.030897,2.529051,2.61280805e-04,0.030636,2.517498,7.12035735e-05,5.130570e+05
0.076979,0.030948,2.531277,2.61949121e-04,0.030686,2.519722,7.11767819e-05,5.128424e+05
0.077170,0.030998,2.533484,2.62616896e-04,0.030736,2.521926,7.11502258e-05,5.126366e+05
0.077362,0.031048,2.535671,2.63284124e-04,0.030785,2.524110,7.11239036e-05,5.124397e+05
0.077553,0.031098,2.537840,2.63950804e-04,0.030834,2.526275,7.10978140e-05,5.122516e+05
0.077744,0.031147,2.539989,2.64616932e-04,0.030883,2.528420,7.10719555e-05,5.120724e+05
0.077935,0.031196,2.542119,2.65282504e-04,0.030931,2.530547,7.10463266e-05,5.119018e+05
0.078126,0.031245,2.544230,2.65947518e-04,0.030979,2.532654,7.10209260e-05,5.117400e+05
0.078317,0.031294,2.546323,2.66611970e-04,0.031027,2.534743,7.09957523e-05,5.115868e+05
0.078508,0.031342,2.548396,2.67275857e-04,0.031074,2.536813,7.09708042e-05,5.114422e+05
0.078699,0.031389,2.550452,2.67939176e-04,0.031121,2.538864,7.09460802e-05,5.113061e+05
0.078890,0.031437,2.552489,2.68601923e-04,0.031168,2.540896,7.09215790e-05,5.111786e+05
0.079081,0.031484,2.554507,2.69264096e-04,0.031215,2.542910,7.08972994e-05,5.110596e+05
0.079272,0.031531,2.556508,2.69925691e-04,0.031261,2.544906,7.08732400e-05,5.109490e+05
0.079463,0.031577,2.558490,2.70586704e-04,0.031307,2.546884,7.08493996e-05,5.108469e+05
0.079654,0.031623,2.560454,2.71247133e-04,0.031352,2.548843,7.08257769e-05,5.107531e+05
0.079845,0.031669,2.562400,2.71906974e-04,0.031397,2.550784,7.08023707e-05,5.106676e+05
0.080036,0.031714,2.564329,2.72566224e-04,0.031442,2.552708,7.07791797e-05,5.105904e+05
0.080228,0.031760,2.566240,2.73224880e-04,0.031486,2.554613,7.07562028e-05,5.105216e+05
0.080419,0.031804,2.568133,2.73882938e-04,0.031531,2.556501,7.07334387e-05,5.104609e+05
0.080610,0.031849,2.570009,2.74540395e-04,0.031574,2.558371,7.07108864e-05,5.104084e+05
0.080801,0.031893,2.571867,2.75197248e-04,0.031618,2.560224,7.06885445e-05,5.103641e+05
0.080992,0.031937,2.573708,2.75853494e-04,0.031661,2.562059,7.06664120e-05,5.103280e+05
0.081183,0.031980,2.575532,2.76509128e-04,0.031704,2.563877,7.06444878e-05,5.103000e+05
0.081374,0.032023,2.577338,2.77164149e-04,0.031746,2.565678,7.06227708e-05,5.102800e+05
0.081565,0.032066,2.579128,2.77818552e-04,0.031789,2.567461,7.06012597e-05,5.102681e+05
0.081756,0.032109,2.580900,2.78472334e-04,0.031830,2.569228,7.05799537e-05,5.102642e+05
0.081947,0.032151,2.582656,2.79125492e-04,0.031872,2.570977,7.05588516e-05,5.102683e+05
0.082138,0.032193,2.584395,2.79778023e-04,0.031913,2.572709,7.05379523e-05,5.102804e+05
0.082329,0.032234,2.586117,2.80429923e-04,0.031954,2.574425,7.05172548e-05,5.103004e+05
0.082520,0.032276,2.587823,2.81081189e-04,0.031994,2.576124,7.04967581e-05,5.103284e+05
0.082711,0.032316,2.589512,2.81731817e-04,0.032035,2.577806,7.04764612e-05,5.103642e+05
0.082902,0.032357,2.591185,2.82381805e-04,0.032075,2.579472,7.04563631e-05,5.104079e+05
0.083093,0.032397,2.592841,2.83031148e-04,0.032114,2.581121,7.04364628e-05,5.104595e+05
0.083285,0.032437,2.594481,2.83679844e-04,0.032153,2.582754,7.04167593e-05,5.105189e+05
0.083476,0.032477,2.596105,2.84327889e-04,0.032192,2.584370,7.03972517e-05,5.105861e+05
0.083667,0.032516,2.597712,2.84975280e-04,0.032231,2.585970,7.03779390e-05,5.106611e+05
0.083858,0.032555,2.599304,2.85622013e-04,0.032269,2.587554,7.03588204e-05,5.107438e+05
0.084049,0.032593,2.600879,2.86268086e-04,0.032307,2.589122,7.03398948e-05,5.108343e+05
0.084240,0.032631,2.602439,2.86913494e-04,0.032345,2.590674,7.03211614e-05,5.109325e+05
0.084431,0.032669,2.603983,2.87558234e-04,0.032382,2.592210,7.03026193e-05,5.110385e+05
0.084622,0.032707,2.605511,2.88202303e-04,0.032419,2.593730,7.02842676e-05,5.111521e+05
0.084813,0.032744,2.607023,2.88845697e-04,0.032455,2.595234,7.02661055e-05,5.112734e+05
0.085004,0.032781,2.608520,2.89488413e-04,0.032492,2.596723,7.02481320e-05,5.114024e+05
0.085195,0.032818,2.610001,2.90130448e-04,0.032528,2.598195,7.02303464e-05,5.115390e+05
0.085386,0.032854,2.611466,2.90771799e-04,0.032563,2.599653,7.02127478e-05,5.116833e+05
0.085577,0.032890,2.612916,2.91412461e-04,0.032599,2.601094,7.01953354e-05,5.118352e+05
0.085768,0.032926,2.614351,2.92052431e-04,0.032633,2.602520,7.01781084e-05,5.119947e+05
0.085959,0.032961,2.615771,2.92691707e-04,0.032668,2.603931,7.01610659e-05,5.121617e+05
0.086151,0.032996,2.617175,2.93330283e-04,0.032702,2.605326,7.01442073e-05,5.123364e+05
0.086342,0.033030,2.618564,2.93968158e-04,0.032736,2.606707,7.01275316e-05,5.125186e+05
0.086533,0.033065,2.619938,2.94605328e-04,0.032770,2.608071,7.01110382e-05,5.127084e+05
0.086724,0.033099,2.621297,2.95241789e-04,0.032803,2.609421,7.00947264e-05,5.129058e+05
0.086915,0.033132,2.622641,2.95877538e-04,0.032836,2.610756,7.00785952e-05,5.131106e+05
0.087106,0.033166,2.623970,2.96512570e-04,0.032869,2.612075,7.00626441e-05,5.133231e+05
0.087297,0.033199,2.625284,2.97146884e-04,0.032901,2.613380,7.00468723e-05,5.135430e+05
0.087488,0.033231,2.626584,2.97780475e-04,0.032933,2.614670,7.00312791e-05,5.137705e+05
0.087679,0.033264,2.627868,2.98413340e-04,0.032965,2.615944,7.00158638e-05,5.140054e+05
0.087870,0.033296,2.629138,2.99045475e-04,0.032996,2.617205,7.00006256e-05,5.142479e+05
0.088061,0.033327,2.630393,2.99676877e-04,0.033028,2.618450,6.99855640e-05,5.144979e+05
0.088252,0.033359,2.631634,3.00307543e-04,0.033058,2.619680,6.99706782e-05,5.147553e+05
0.088443,0.033390,2.632860,3.00937468e-04,0.033089,2.620896,6.99559676e-05,5.150203e+05
0.088634,0.033420,2.634072,3.01566650e-04,0.033119,2.622098,6.99414315e-05,5.152927e+05
0.088825,0.033451,2.635269,3.02195085e-04,0.033148,2.623284,6.99270692e-05,5.155726e+05
0.089016,0.033481,2.636452,3.02822769e-04,0.033178,2.624457,6.99128803e-05,5.158600e+05
0.089208,0.033510,2.637620,3.03449698e-04,0.033207,2.625614,6.98988639e-05,5.161549e+05
0.089399,0.033540,2.638774,3.04075871e-04,0.033236,2.626758,6.98850195e-05,5.164572e+05
0.089590,0.033569,2.639914,3.04701282e-04,0.033264,2.627887,6.98713466e-05,5.167670e+05
0.089781,0.033597,2.641040,3.05325928e-04,0.033292,2.629002,6.98578444e-05,5.170843e+05
0.089972,0.033626,2.642152,3.05949806e-04,0.033320,2.630102,6.98445125e-05,5.174090e+05
0.090163,0.033654,2.643249,3.06572912e-04,0.033347,2.631189,6.98313501e-05,5.177412e+05
0.090354,0.033682,2.644333,3.07195243e-04,0.033374,2.632261,6.98183569e-05,5.180809e+05
0.090545,0.033709,2.645402,3.07816795e-04,0.033401,2.633319,6.98055321e-05,5.184281e+05
0.090736,0.033736,2.646458,3.08437564e-04,0.033428,2.634363,6.97928753e-05,5.187827e+05
0.090927,0.033763,2.647499,3.09057547e-04,0.033454,2.635393,6.97803859e-05,5.191449e+05
0.091118,0.033789,2.648527,3.09676740e-04,0.033480,2.636409,6.97680633e-05,5.195145e+05
0.091309,0.033815,2.649541,3.10295140e-04,0.033505,2.637412,6.97559071e-05,5.198915e+05
0.091500,0.033841,2.650541,3.10912743e-04,0.033530,2.638400,6.97439167e-05,5.202761e+05
0.091691,0.033866,2.651527,3.11529546e-04,0.033555,2.639374,6.97320916e-05,5.206682e+05
0.091882,0.033892,2.652500,3.12145545e-04,0.033579,2.640335,6.97204313e-05,5.210678e+05
0.092074,0.033916,2.653459,3.12760735e-04,0.033604,2.641282,6.97089353e-05,5.214749e+05
0.092265,0.033941,2.654405,3.13375115e-04,0.033627,2.642215,6.96976032e-05,5.218895e+05
0.092456,0.033965,2.655336,3.13988679e-04,0.033651,2.643134,6.96864343e-05,5.223116e+05
0.092647,0.033989,2.656255,3.14601425e-04,0.033674,2.644040,6.96754284e-05,5.227412e+05
0.092838,0.034012,2.657159,3.15213349e-04,0.033697,2.644932,6.96645849e-05,5.231784e+05
0.093029,0.034035,2.658051,3.15824447e-04,0.033719,2.645810,6.96539033e-05,5.236231e+05
0.093220,0.034058,2.658928,3.16434715e-04,0.033742,2.646675,6.96433832e-05,5.240754e+05
0.093411,0.034081,2.659793,3.17044149e-04,0.033764,2.647527,6.96330242e-05,5.245352e+05
0.093602,0.034103,2.660644,3.17652747e-04,0.033785,2.648365,6.96228258e-05,5.250026e+05
0.093793,0.034125,2.661481,3.18260505e-04,0.033806,2.649190,6.96127877e-05,5.254776e+05
0.093984,0.034146,2.662306,3.18867418e-04,0.033827,2.650001,6.96029093e-05,5.259602e+05
0.094175,0.034167,2.663117,3.19473483e-04,0.033848,2.650798,6.95931903e-05,5.264504e+05
0.094366,0.034188,2.663915,3.20078696e-04,0.033868,2.651583,6.95836303e-05,5.269483e+05
0.094557,0.034208,2.664700,3.20683054e-04,0.033888,2.652354,6.95742289e-05,5.274537e+05
0.094748,0.034229,2.665471,3.21286553e-04,0.033907,2.653112,6.95649857e-05,5.279668e+05
0.094939,0.034249,2.666229,3.21889189e-04,0.033927,2.653857,6.95559002e-05,5.284876e+05
0.095131,0.034268,2.666975,3.22490958e-04,0.033946,2.654588,6.95469723e-05,5.290160e+05
0.095322,0.034287,2.667707,3.23091857e-04,0.033964,2.655306,6.95382014e-05,5.295522e+05
0.095513,0.034306,2.668426,3.23691882e-04,0.033982,2.656011,6.95295872e-05,5.300960e+05
0.095704,0.034325,2.669132,3.24291030e-04,0.034000,2.656703,6.95211294e-05,5.306476e+05
0.095895,0.034343,2.669825,3.24889295e-04,0.034018,2.657382,6.95128276e-05,5.312069e+05
0.096086,0.034361,2.670505,3.25486675e-04,0.034035,2.658048,6.95046815e-05,5.317740e+05
0.096277,0.034378,2.671172,3.26083166e-04,0.034052,2.658700,6.94966908e-05,5.323488e+05
0.096468,0.034395,2.671827,3.26678764e-04,0.034069,2.659340,6.94888550e-05,5.329314e+05
0.096659,0.034412,2.672468,3.27273465e-04,0.034085,2.659966,6.94811740e-05,5.335219e+05
0.096850,0.034429,2.673096,3.27867266e-04,0.034101,2.660580,6.94736474e-05,5.341202e+05
0.097041,0.034445,2.673712,3.28460162e-04,0.034117,2.661181,6.94662749e-05,5.347263e+05
0.097232,0.034461,2.674315,3.29052150e-04,0.034132,2.661769,6.94590561e-05,5.353403e+05
0.097423,0.034477,2.674905,3.29643226e-04,0.034147,2.662343,6.94519909e-05,5.359622e+05
0.097614,0.034492,2.675482,3.30233385e-04,0.034162,2.662905,6.94450789e-05,5.365920e+05
0.097805,0.034507,2.676046,3.30822625e-04,0.034176,2.663454,6.94383198e-05,5.372298e+05
0.097996,0.034521,2.676598,3.31410942e-04,0.034190,2.663991,6.94317134e-05,5.378755e+05
0.098188,0.034536,2.677137,3.31998331e-04,0.034204,2.664514,6.94252593e-05,5.385292e+05
0.098379,0.034550,2.677663,3.32584788e-04,0.034217,2.665025,6.94189575e-05,5.391909e+05
0.098570,0.034563,2.678177,3.33170310e-04,0.034230,2.665523,6.94128075e-05,5.398606e+05
0.098761,0.034576,2.678678,3.33754893e-04,0.034243,2.666008,6.94068092e-05,5.405384e+05
0.098952,0.034589,2.679166,3.34338533e-04,0.034255,2.666480,6.94009622e-05,5.412243e+05
0.099143,0.034602,2.679642,3.34921226e-04,0.034267,2.666940,6.93952665e-05,5.419183e+05
0.099334,0.034614,2.680105,3.35502968e-04,0.034279,2.667387,6.93897217e-05,5.426204e+05
