x_m,r_m,Ma_iso,delta_star_m,r_eff_m,Ma_eff,mu_Pa_s,Re_x
0.000000,0.060000,0.039700,1.15546776e-06,0.059999,0.039702,1.25165855e-04,1.000000e+03
0.000192,0.059668,0.040145,2.21763411e-06,0.059665,0.040148,1.25165683e-04,1.000000e+03
0.000384,0.059335,0.040597,4.43526821e-06,0.059331,0.040603,1.25165507e-04,1.000000e+03
0.000576,0.059003,0.041056,6.64817001e-06,0.058996,0.041065,1.25165325e-04,1.003564e+03
0.000768,0.058670,0.041524,8.34971159e-06,0.058662,0.041535,1.25165138e-04,1.353294e+03
0.000960,0.058338,0.041999,9.95892066e-06,0.058328,0.042013,1.25164946e-04,1.710953e+03
0.001152,0.058005,0.042483,1.14964674e-05,0.057994,0.042500,1.25164748e-04,2.076747e+03
0.001343,0.057673,0.042975,1.29754754e-05,0.057660,0.042994,1.25164544e-04,2.450887e+03
0.001535,0.057341,0.043476,1.44049745e-05,0.057326,0.043497,1.25164334e-04,2.833589e+03
0.001727,0.057008,0.043985,1.57915342e-05,0.056992,0.044010,1.25164118e-04,3.225079e+03
0.001919,0.056676,0.044504,1.71401343e-05,0.056659,0.044531,1.25163896e-04,3.625587e+03
0.002111,0.056343,0.045032,1.84546703e-05,0.056325,0.045061,1.25163667e-04,4.035352e+03
0.002303,0.056011,0.045569,1.97382666e-05,0.055991,0.045601,1.25163431e-04,4.454620e+03
0.002495,0.055678,0.046116,2.09934803e-05,0.055657,0.046151,1.25163188e-04,4.883644e+03
0.002687,0.055346,0.046673,2.22224397e-05,0.055324,0.046710,1.25162938e-04,5.322687e+03
0.002879,0.055014,0.047240,2.34269414e-05,0.054990,0.047280,1.25162680e-04,5.772020e+03
0.003071,0.054681,0.047817,2.46085202e-05,0.054657,0.047861,1.25162414e-04,6.231920e+03
0.003263,0.054349,0.048406,2.57685007e-05,0.054323,0.048452,1.25162140e-04,6.702677e+03
0.003455,0.054016,0.049005,2.69080369e-05,0.053989,0.049054,1.25161857e-04,7.184589e+03
0.003647,0.053684,0.049615,2.80281415e-05,0.053656,0.049667,1.25161566e-04,7.677962e+03
0.003839,0.053352,0.050237,2.91297100e-05,0.053322,0.050292,1.25161265e-04,8.183115e+03
0.004030,0.053019,0.050871,3.02135386e-05,0.052989,0.050929,1.25160955e-04,8.700375e+03
0.004222,0.052687,0.051516,3.12803395e-05,0.052655,0.051578,1.25160634e-04,9.230082e+03
0.004414,0.052354,0.052175,3.23307527e-05,0.052322,0.052239,1.25160304e-04,9.772587e+03
0.004606,0.052022,0.052846,3.33653559e-05,0.051988,0.052914,1.25159963e-04,1.032825e+04
0.004798,0.051689,0.053530,3.43846728e-05,0.051655,0.053601,1.25159610e-04,1.089745e+04
0.004990,0.051357,0.054227,3.53891796e-05,0.051322,0.054302,1.25159246e-04,1.148058e+04
0.005182,0.051025,0.054938,3.63793109e-05,0.050988,0.055017,1.25158870e-04,1.207803e+04
0.005374,0.050692,0.055663,3.73554645e-05,0.050655,0.055746,1.25158482e-04,1.269021e+04
0.005566,0.050360,0.056403,3.83180053e-05,0.050321,0.056489,1.25158080e-04,1.331757e+04
0.005758,0.050027,0.057158,3.92672690e-05,0.049988,0.057248,1.25157665e-04,1.396054e+04
0.005950,0.049695,0.057928,4.02035653e-05,0.049655,0.058022,1.25157236e-04,1.461959e+04
0.006142,0.049362,0.058714,4.11271800e-05,0.049321,0.058812,1.25156792e-04,1.529518e+04
0.006334,0.049030,0.059516,4.20383777e-05,0.048988,0.059618,1.25156333e-04,1.598783e+04
0.006525,0.048698,0.060334,4.29374036e-05,0.048655,0.060441,1.25155858e-04,1.669803e+04
0.006717,0.048365,0.061170,4.38244853e-05,0.048321,0.061281,1.25155366e-04,1.742632e+04
0.006909,0.048033,0.062023,4.46998343e-05,0.047988,0.062139,1.25154857e-04,1.817324e+04
0.007101,0.047700,0.062894,4.55636475e-05,0.047655,0.063015,1.25154330e-04,1.893938e+04
0.007293,0.047368,0.063784,4.64161080e-05,0.047321,0.063909,1.25153784e-04,1.972531e+04
0.007485,0.047035,0.064692,4.72573866e-05,0.046988,0.064823,1.25153219e-04,2.053166e+04
0.007677,0.046703,0.065621,4.80876427e-05,0.046655,0.065757,1.25152633e-04,2.135905e+04
0.007869,0.046371,0.066570,4.89070248e-05,0.046322,0.066711,1.25152026e-04,2.220816e+04
0.008061,0.046038,0.067539,4.97156715e-05,0.045988,0.067686,1.25151396e-04,2.307966e+04
0.008253,0.045706,0.068530,5.05137125e-05,0.045655,0.068683,1.25150743e-04,2.397426e+04
0.008445,0.045373,0.069543,5.13012686e-05,0.045322,0.069701,1.25150066e-04,2.489272e+04
0.008637,0.045041,0.070579,5.20784525e-05,0.044989,0.070743,1.25149363e-04,2.583579e+04
0.008829,0.044708,0.071638,5.28453698e-05,0.044656,0.071809,1.25148633e-04,2.680427e+04
0.009020,0.044376,0.072722,5.36021184e-05,0.044322,0.072899,1.25147876e-04,2.779899e+04
0.009212,0.044044,0.073830,5.43487901e-05,0.043989,0.074013,1.25147090e-04,2.882081e+04
0.009404,0.043711,0.074964,5.50854701e-05,0.043656,0.075154,1.25146273e-04,2.987064e+04
0.009596,0.043379,0.076124,5.58122377e-05,0.043323,0.076322,1.25145424e-04,3.094940e+04
0.009788,0.043046,0.077312,5.65291667e-05,0.042990,0.077517,1.25144541e-04,3.205807e+04
0.009980,0.042714,0.078528,5.72363253e-05,0.042657,0.078741,1.25143624e-04,3.319766e+04
0.010172,0.042382,0.079773,5.79337769e-05,0.042324,0.079993,1.25142669e-04,3.436921e+04
0.010364,0.042049,0.081049,5.86215798e-05,0.041990,0.081277,1.25141676e-04,3.557383e+04
0.010556,0.041717,0.082355,5.92997879e-05,0.041657,0.082591,1.25140643e-04,3.681266e+04
0.010748,0.041384,0.083693,5.99684505e-05,0.041324,0.083938,1.25139567e-04,3.808689e+04
0.010940,0.041052,0.085065,6.06276127e-05,0.040991,0.085318,1.25138446e-04,3.939775e+04
0.011132,0.040719,0.086470,6.12773155e-05,0.040658,0.086733,1.25137279e-04,4.074654e+04
0.011324,0.040387,0.087912,6.19175960e-05,0.040325,0.088184,1.25136063e-04,4.213462e+04
0.011516,0.040055,0.089389,6.25484875e-05,0.039992,0.089672,1.25134794e-04,4.356339e+04
0.011707,0.039722,0.090905,6.31700197e-05,0.039659,0.091198,1.25133471e-04,4.503432e+04
0.011899,0.039390,0.092460,6.37822184e-05,0.039326,0.092763,1.25132091e-04,4.654894e+04
0.012091,0.039057,0.094056,6.43851065e-05,0.038993,0.094369,1.25130651e-04,4.810887e+04
0.012283,0.038725,0.095693,6.49787031e-05,0.038660,0.096018,1.25129147e-04,4.971577e+04
0.012475,0.038392,0.097375,6.55630242e-05,0.038327,0.097711,1.25127575e-04,5.137139e+04
0.012667,0.038060,0.099101,6.61380827e-05,0.037994,0.099450,1.25125934e-04,5.307758e+04
0.012859,0.037728,0.100874,6.67038882e-05,0.037661,0.101236,1.25124218e-04,5.483625e+04
0.013051,0.037395,0.102696,6.72604472e-05,0.037328,0.103071,1.25122423e-04,5.664939e+04
0.013243,0.037063,0.104568,6.78077635e-05,0.036995,0.104956,1.25120545e-04,5.851912e+04
0.013435,0.036730,0.106493,6.83458375e-05,0.036662,0.106895,1.25118579e-04,6.044763e+04
0.013627,0.036398,0.108472,6.88746672e-05,0.036329,0.108889,1.25116521e-04,6.243723e+04
0.013819,0.036065,0.110507,6.93942472e-05,0.035996,0.110939,1.25114364e-04,6.449033e+04
0.014011,0.035733,0.112601,6.99045695e-05,0.035663,0.113049,1.25112104e-04,6.660946e+04
0.014202,0.035401,0.114755,7.04056232e-05,0.035330,0.115220,1.25109734e-04,6.879729e+04
0.014394,0.035068,0.116973,7.08973948e-05,0.034997,0.117455,1.25107247e-04,7.105660e+04
0.014586,0.034736,0.119258,7.13798676e-05,0.034664,0.119757,1.25104637e-04,7.339031e+04
0.014778,0.034403,0.121610,7.18530223e-05,0.034331,0.122128,1.25101895e-04,7.580151e+04
0.014970,0.034071,0.124034,7.23168368e-05,0.033999,0.124572,1.25099015e-04,7.829344e+04
0.015162,0.033738,0.126533,7.27712862e-05,0.033666,0.127090,1.25095987e-04,8.086948e+04
0.015354,0.033406,0.129109,7.32163428e-05,0.033333,0.129688,1.25092801e-04,8.353322e+04
0.015546,0.033074,0.131767,7.36519759e-05,0.033000,0.132367,1.25089449e-04,8.628843e+04
0.015738,0.032741,0.134509,7.40781521e-05,0.032667,0.135131,1.25085918e-04,8.913905e+04
0.015930,0.032409,0.137339,7.44948350e-05,0.032334,0.137985,1.25082198e-04,9.208929e+04
0.016122,0.032076,0.140261,7.49019855e-05,0.032001,0.140933,1.25078276e-04,9.514353e+04
0.016314,0.031744,0.143280,7.52995612e-05,0.031669,0.143977,1.25074138e-04,9.830642e+04
0.016506,0.031412,0.146399,7.56875169e-05,0.031336,0.147124,1.25069770e-04,1.015829e+05
0.016697,0.031079,0.149624,7.60658045e-05,0.031003,0.150377,1.25065155e-04,1.049780e+05
0.016889,0.030747,0.152960,7.64343723e-05,0.030670,0.153743,1.25060277e-04,1.084974e+05
0.017081,0.030414,0.156411,7.67931660e-05,0.030337,0.157225,1.25055117e-04,1.121467e+05
0.017273,0.030082,0.159984,7.71421276e-05,0.030005,0.160831,1.25049655e-04,1.159322e+05
0.017465,0.029749,0.163684,7.74811960e-05,0.029672,0.164565,1.25043869e-04,1.198602e+05
0.017657,0.029417,0.167518,7.78103067e-05,0.029339,0.168435,1.25037734e-04,1.239376e+05
0.017849,0.029085,0.171493,7.81293915e-05,0.029006,0.172448,1.25031226e-04,1.281717e+05
0.018041,0.028752,0.175615,7.84383787e-05,0.028674,0.176611,1.25024315e-04,1.325701e+05
0.018233,0.028420,0.179894,7.87371929e-05,0.028341,0.180931,1.25016970e-04,1.371412e+05
0.018425,0.028087,0.184337,7.90257548e-05,0.028008,0.185418,1.25009157e-04,1.418935e+05
0.018617,0.027755,0.188953,7.93039812e-05,0.027676,0.190081,1.25000839e-04,1.468362e+05
0.018809,0.027422,0.193752,7.95717845e-05,0.027343,0.194929,1.24991976e-04,1.519793e+05
0.019001,0.027090,0.198745,7.98290730e-05,0.027010,0.199974,1.24982521e-04,1.573331e+05
0.019010,0.027074,0.198986,7.98410393e-05,0.026994,0.200218,1.24982057e-04,1.575924e+05
0.019110,0.026903,0.201642,7.99730251e-05,0.026823,0.202901,1.24976925e-04,1.604507e+05
0.019210,0.026735,0.204300,8.01061044e-05,0.026655,0.205588,1.24971719e-04,1.633296e+05
0.019310,0.026570,0.206963,8.02401932e-05,0.026490,0.208280,1.24966437e-04,1.662294e+05
0.019410,0.026409,0.209631,8.03752148e-05,0.026328,0.210976,1.24961078e-04,1.691505e+05
0.019510,0.026250,0.212303,8.05110988e-05,0.026169,0.213678,1.24955640e-04,1.720934e+05
0.019610,0.026094,0.214981,8.06477807e-05,0.026013,0.216387,1.24950122e-04,1.750583e+05
0.019710,0.025940,0.217666,8.07852012e-05,0.025860,0.219101,1.24944523e-04,1.780455e+05
0.019810,0.025790,0.220357,8.09233056e-05,0.025709,0.221823,1.24938842e-04,1.810554e+05
0.019910,0.025641,0.223055,8.10620437e-05,0.025560,0.224552,1.24933076e-04,1.840881e+05
0.020010,0.025496,0.225760,8.12013691e-05,0.025414,0.227289,1.24927224e-04,1.871441e+05
0.020110,0.025352,0.228473,8.13412390e-05,0.025271,0.230035,1.24921286e-04,1.902234e+05
0.020210,0.025211,0.231195,8.14816138e-05,0.025129,0.232788,1.24915260e-04,1.933264e+05
0.020310,0.025072,0.233924,8.16224569e-05,0.024990,0.235551,1.24909144e-04,1.964532e+05
0.020410,0.024935,0.236663,8.17637346e-05,0.024853,0.238323,1.24902937e-04,1.996041e+05
0.020510,0.024800,0.239410,8.19054156e-05,0.024718,0.241104,1.24896638e-04,2.027792e+05
0.020610,0.024667,0.242167,8.20474709e-05,0.024585,0.243895,1.24890246e-04,2.059787e+05
0.020710,0.024536,0.244933,8.21898736e-05,0.024454,0.246696,1.24883758e-04,2.092028e+05
0.020810,0.024407,0.247709,8.23325989e-05,0.024325,0.249508,1.24877175e-04,2.124515e+05
0.020910,0.024280,0.250495,8.24756239e-05,0.024198,0.252330,1.24870494e-04,2.157252e+05
0.021010,0.024155,0.253292,8.26189272e-05,0.024072,0.255163,1.24863714e-04,2.190238e+05
0.021110,0.024031,0.256099,8.27624891e-05,0.023949,0.258007,1.24856834e-04,2.223476e+05
0.021210,0.023910,0.258916,8.29062914e-05,0.023827,0.260862,1.24849853e-04,2.256966e+05
0.021310,0.023789,0.261745,8.30503171e-05,0.023706,0.263729,1.24842769e-04,2.290710e+05
0.021410,0.023671,0.264585,8.31945508e-05,0.023588,0.266607,1.24835581e-04,2.324708e+05
0.021510,0.023554,0.267436,8.33389778e-05,0.023470,0.269497,1.24828287e-04,2.358961e+05
0.021610,0.023438,0.270298,8.34835850e-05,0.023355,0.272400,1.24820886e-04,2.393471e+05
0.021710,0.023324,0.273172,8.36283602e-05,0.023241,0.275314,1.24813378e-04,2.428237e+05
0.021810,0.023212,0.276058,8.37732919e-05,0.023128,0.278241,1.24805760e-04,2.463261e+05
0.021910,0.023101,0.278956,8.39183698e-05,0.023017,0.281181,1.24798031e-04,2.498543e+05
0.022010,0.022991,0.281866,8.40635845e-05,0.022907,0.284133,1.24790189e-04,2.534084e+05
0.022110,0.022883,0.284788,8.42089273e-05,0.022799,0.287098,1.24782235e-04,2.569884e+05
0.022210,0.022776,0.287723,8.43543901e-05,0.022692,0.290076,1.24774165e-04,2.605943e+05
0.022310,0.022671,0.290670,8.44999658e-05,0.022587,0.293068,1.24765979e-04,2.642262e+05
0.022410,0.022567,0.293630,8.46456478e-05,0.022482,0.296072,1.24757675e-04,2.678841e+05
0.022510,0.022464,0.296603,8.47914302e-05,0.022379,0.299091,1.24749253e-04,2.715680e+05
0.022610,0.022362,0.299588,8.49373076e-05,0.022277,0.302123,1.24740709e-04,2.752779e+05
0.022710,0.022262,0.302587,8.50832754e-05,0.022177,0.305168,1.24732045e-04,2.790139e+05
0.022810,0.022163,0.305599,8.52293293e-05,0.022078,0.308228,1.24723256e-04,2.827759e+05
0.022910,0.022065,0.308624,8.53754656e-05,0.021979,0.311301,1.24714344e-04,2.865639e+05
0.023010,0.021968,0.311663,8.55216810e-05,0.021883,0.314389,1.24705305e-04,2.903778e+05
0.023110,0.021872,0.314714,8.56679729e-05,0.021787,0.317491,1.24696139e-04,2.942178e+05
0.023210,0.021778,0.317780,8.58143388e-05,0.021692,0.320607,1.24686844e-04,2.980837e+05
0.023310,0.021684,0.320859,8.59607769e-05,0.021599,0.323738,1.24677419e-04,3.019754e+05
0.023410,0.021592,0.323952,8.61072856e-05,0.021506,0.326883,1.24667862e-04,3.058930e+05
0.023510,0.021501,0.327059,8.62538637e-05,0.021415,0.330043,1.24658172e-04,3.098364e+05
0.023610,0.021411,0.330180,8.64005104e-05,0.021324,0.333218,1.24648347e-04,3.138056e+05
0.023710,0.021322,0.333315,8.65472252e-05,0.021235,0.336408,1.24638387e-04,3.178004e+05
0.023810,0.021234,0.336464,8.66940081e-05,0.021147,0.339612,1.24628289e-04,3.218207e+05
0.023910,0.021146,0.339627,8.68408590e-05,0.021060,0.342832,1.24618052e-04,3.258666e+05
0.024010,0.021060,0.342805,8.69877785e-05,0.020973,0.346067,1.24607675e-04,3.299380e+05
0.024110,0.020975,0.345996,8.71347673e-05,0.020888,0.349318,1.24597156e-04,3.340346e+05
0.024210,0.020891,0.349203,8.72818263e-05,0.020804,0.352583,1.24586494e-04,3.381565e+05
0.024310,0.020808,0.352424,8.74289568e-05,0.020720,0.355864,1.24575688e-04,3.423035e+05
0.024410,0.020726,0.355659,8.75761603e-05,0.020638,0.359161,1.24564735e-04,3.464755e+05
0.024510,0.020644,0.358909,8.77234384e-05,0.020557,0.362473,1.24553634e-04,3.506724e+05
0.024610,0.020564,0.362174,8.78707931e-05,0.020476,0.365801,1.24542384e-04,3.548940e+05
0.024710,0.020484,0.365453,8.80182265e-05,0.020396,0.369145,1.24530984e-04,3.591403e+05
0.024810,0.020406,0.368748,8.81657409e-05,0.020318,0.372505,1.24519432e-04,3.634110e+05
0.024910,0.020328,0.372057,8.83133390e-05,0.020240,0.375881,1.24507725e-04,3.677060e+05
0.025010,0.020251,0.375381,8.84610233e-05,0.020163,0.379273,1.24495864e-04,3.720252e+05
0.025110,0.020175,0.378720,8.86087969e-05,0.020087,0.382681,1.24483846e-04,3.763684e+05
0.025210,0.020100,0.382074,8.87566627e-05,0.020011,0.386105,1.24471671e-04,3.807355e+05
0.025310,0.020026,0.385444,8.89046241e-05,0.019937,0.389545,1.24459335e-04,3.851262e+05
0.025410,0.019952,0.388828,8.90526844e-05,0.019863,0.393002,1.24446838e-04,3.895403e+05
0.025510,0.019880,0.392228,8.92008471e-05,0.019790,0.396475,1.24434179e-04,3.939777e+05
0.025610,0.019808,0.395643,8.93491160e-05,0.019718,0.399965,1.24421355e-04,3.984382e+05
0.025710,0.019737,0.399074,8.94974948e-05,0.019647,0.403472,1.24408366e-04,4.029215e+05
0.025810,0.019666,0.402519,8.96459876e-05,0.019577,0.406995,1.24395210e-04,4.074274e+05
0.025910,0.019597,0.405980,8.97945985e-05,0.019507,0.410535,1.24381884e-04,4.119558e+05
0.026010,0.019528,0.409457,8.99433316e-05,0.019438,0.414091,1.24368389e-04,4.165063e+05
0.026110,0.019460,0.412949,9.00921913e-05,0.019370,0.417665,1.24354721e-04,4.210788e+05
0.026210,0.019393,0.416456,9.02411822e-05,0.019303,0.421255,1.24340881e-04,4.256730e+05
0.026310,0.019327,0.419980,9.03903086e-05,0.019236,0.424862,1.24326865e-04,4.302886e+05
0.026410,0.019261,0.423518,9.05395755e-05,0.019170,0.428487,1.24312673e-04,4.349255e+05
0.026510,0.019196,0.427073,9.06889874e-05,0.019105,0.432129,1.24298303e-04,4.395832e+05
0.026610,0.019132,0.430643,9.08385493e-05,0.019041,0.435788,1.24283753e-04,4.442615e+05
0.026710,0.019068,0.434228,9.09882663e-05,0.018977,0.439464,1.24269022e-04,4.489602e+05
0.026810,0.019005,0.437830,9.11381433e-05,0.018914,0.443158,1.24254109e-04,4.536790e+05
0.026910,0.018943,0.441447,9.12881856e-05,0.018852,0.446869,1.24239011e-04,4.584175e+05
0.027010,0.018882,0.445080,9.14383983e-05,0.018790,0.450597,1.24223728e-04,4.631754e+05
0.027110,0.018821,0.448728,9.15887869e-05,0.018730,0.454343,1.24208257e-04,4.679525e+05
0.027210,0.018761,0.452393,9.17393567e-05,0.018669,0.458107,1.24192598e-04,4.727484e+05
0.027310,0.018702,0.456073,9.18901134e-05,0.018610,0.461889,1.24176748e-04,4.775627e+05
0.027410,0.018643,0.459770,9.20410623e-05,0.018551,0.465688,1.24160706e-04,4.823953e+05
0.027510,0.018585,0.463482,9.21922093e-05,0.018493,0.469505,1.24144470e-04,4.872456e+05
0.027610,0.018528,0.467210,9.23435599e-05,0.018435,0.473340,1.24128040e-04,4.921133e+05
0.027710,0.018471,0.470954,9.24951201e-05,0.018379,0.477193,1.24111413e-04,4.969981e+05
0.027810,0.018415,0.474714,9.26468956e-05,0.018322,0.481064,1.24094587e-04,5.018996e+05
0.027910,0.018360,0.478490,9.27988924e-05,0.018267,0.484954,1.24077562e-04,5.068175e+05
0.028010,0.018305,0.482282,9.29511165e-05,0.018212,0.488861,1.24060336e-04,5.117513e+05
0.028110,0.018251,0.486090,9.31035740e-05,0.018158,0.492787,1.24042906e-04,5.167006e+05
0.028210,0.018197,0.489914,9.32562708e-05,0.018104,0.496731,1.24025273e-04,5.216652e+05
0.028310,0.018145,0.493754,9.34092133e-05,0.018051,0.500694,1.24007433e-04,5.266444e+05
0.028410,0.018092,0.497610,9.35624075e-05,0.017999,0.504675,1.23989386e-04,5.316380e+05
0.028510,0.018041,0.501482,9.37158598e-05,0.017947,0.508675,1.23971129e-04,5.366455e+05
0.028610,0.017990,0.505370,9.38695766e-05,0.017896,0.512693,1.23952663e-04,5.416664e+05
0.028710,0.017939,0.509274,9.40235641e-05,0.017845,0.516730,1.23933984e-04,5.467004e+05
0.028810,0.017889,0.513194,9.41778288e-05,0.017795,0.520787,1.23915091e-04,5.517470e+05
0.028910,0.017840,0.517131,9.43323771e-05,0.017746,0.524862,1.23895983e-04,5.568058e+05
0.029010,0.017792,0.521083,9.44872156e-05,0.017697,0.528956,1.23876658e-04,5.618762e+05
0.029110,0.017744,0.525052,9.46423509e-05,0.017649,0.533069,1.23857115e-04,5.669578e+05
0.029210,0.017696,0.529036,9.47977895e-05,0.017601,0.537202,1.23837352e-04,5.720502e+05
0.029310,0.017649,0.533037,9.49535380e-05,0.017554,0.541354,1.23817368e-04,5.771528e+05
0.029410,0.017603,0.537054,9.51096032e-05,0.017508,0.545525,1.23797161e-04,5.822652e+05
0.029510,0.017557,0.541087,9.52659917e-05,0.017462,0.549716,1.23776730e-04,5.873868e+05
0.029610,0.017512,0.545136,9.54227104e-05,0.017417,0.553926,1.23756073e-04,5.925172e+05
0.029710,0.017468,0.549201,9.55797660e-05,0.017372,0.558157,1.23735188e-04,5.976559e+05
0.029810,0.017424,0.553282,9.57371653e-05,0.017328,0.562407,1.23714074e-04,6.028023e+05
0.029910,0.017380,0.557379,9.58949152e-05,0.017284,0.566677,1.23692730e-04,6.079559e+05
0.030010,0.017337,0.561493,9.60530227e-05,0.017241,0.570968,1.23671154e-04,6.131162e+05
0.030110,0.017295,0.565622,9.62114945e-05,0.017199,0.575278,1.23649345e-04,6.182826e+05
0.030210,0.017253,0.569768,9.63703377e-05,0.017157,0.579610,1.23627301e-04,6.234546e+05
0.030310,0.017212,0.573929,9.65295593e-05,0.017116,0.583961,1.23605020e-04,6.286317e+05
0.030410,0.017171,0.578107,9.66891662e-05,0.017075,0.588334,1.23582502e-04,6.338132e+05
0.030510,0.017131,0.582301,9.68491656e-05,0.017034,0.592727,1.23559744e-04,6.389987e+05
0.030610,0.017092,0.586510,9.70095644e-05,0.016995,0.597142,1.23536745e-04,6.441875e+05
0.030710,0.017053,0.590736,9.71703698e-05,0.016955,0.601577,1.23513505e-04,6.493790e+05
0.030810,0.017014,0.594978,9.73315889e-05,0.016917,0.606035,1.23490020e-04,6.545728e+05
0.030910,0.016976,0.599236,9.74932289e-05,0.016879,0.610513,1.23466291e-04,6.597682e+05
0.031010,0.016939,0.603509,9.76552968e-05,0.016841,0.615014,1.23442315e-04,6.649645e+05
0.031110,0.016902,0.607799,9.78178000e-05,0.016804,0.619537,1.23418091e-04,6.701613e+05
0.031210,0.016865,0.612105,9.79807455e-05,0.016767,0.624081,1.23393618e-04,6.753578e+05
0.031310,0.016829,0.616426,9.81441407e-05,0.016731,0.628649,1.23368894e-04,6.805536e+05
0.031410,0.016794,0.620764,9.83079928e-05,0.016696,0.633239,1.23343918e-04,6.857479e+05
0.031510,0.016759,0.625117,9.84723090e-05,0.016661,0.637852,1.23318688e-04,6.909401e+05
0.031610,0.016725,0.629486,9.86370966e-05,0.016626,0.642489,1.23293204e-04,6.961296e+05
0.031710,0.016691,0.633871,9.88023631e-05,0.016592,0.647149,1.23267463e-04,7.013159e+05
0.031810,0.016657,0.638272,9.89681155e-05,0.016558,0.651834,1.23241464e-04,7.064981e+05
0.031910,0.016624,0.642689,9.91343614e-05,0.016525,0.656542,1.23215207e-04,7.116758e+05
0.032010,0.016592,0.647122,9.93011081e-05,0.016493,0.661276,1.23188689e-04,7.168482e+05
0.032110,0.016560,0.651570,9.94683628e-05,0.016461,0.666034,1.23161909e-04,7.220147e+05
0.032210,0.016529,0.656034,9.96361331e-05,0.016429,0.670818,1.23134867e-04,7.271746e+05
0.032310,0.016498,0.660514,9.98044263e-05,0.016398,0.675628,1.23107560e-04,7.323274e+05
0.032410,0.016468,0.665009,9.99732499e-05,0.016368,0.680464,1.23079987e-04,7.374722e+05
0.032510,0.016438,0.669520,1.00142611e-04,0.016338,0.685327,1.23052148e-04,7.426085e+05
0.032610,0.016408,0.674047,1.00312518e-04,0.016308,0.690218,1.23024040e-04,7.477355e+05
0.032710,0.016379,0.678589,1.00482977e-04,0.016279,0.695137,1.22995663e-04,7.528527e+05
0.032810,0.016351,0.683147,1.00653996e-04,0.016250,0.700085,1.22967016e-04,7.579592e+05
0.032910,0.016323,0.687721,1.00825582e-04,0.016222,0.705062,1.22938096e-04,7.630545e+05
0.033010,0.016296,0.692310,1.00997744e-04,0.016195,0.710069,1.22908903e-04,7.681378e+05
0.033110,0.016269,0.696914,1.01170488e-04,0.016167,0.715108,1.22879436e-04,7.732085e+05
0.033210,0.016242,0.701534,1.01343822e-04,0.016141,0.720178,1.22849693e-04,7.782659e+05
0.033310,0.016216,0.706170,1.01517754e-04,0.016115,0.725281,1.22819673e-04,7.833092e+05
0.033410,0.016190,0.710821,1.01692291e-04,0.016089,0.730418,1.22789376e-04,7.883378e+05
0.033510,0.016165,0.715487,1.01867440e-04,0.016064,0.735590,1.22758799e-04,7.933510e+05
0.033610,0.016141,0.720168,1.02043209e-04,0.016039,0.740798,1.22727942e-04,7.983481e+05
0.033710,0.016117,0.724865,1.02219606e-04,0.016014,0.746044,1.22696803e-04,8.033283e+05
0.033810,0.016093,0.729577,1.02396637e-04,0.015991,0.751328,1.22665382e-04,8.082910e+05
0.033910,0.016070,0.734304,1.02574312e-04,0.015967,0.756654,1.22633677e-04,8.132355e+05
0.034010,0.016047,0.739047,1.02752636e-04,0.015944,0.762022,1.22601688e-04,8.181610e+05
0.034110,0.016025,0.743804,1.02931618e-04,0.015922,0.767434,1.22569412e-04,8.230669e+05
0.034210,0.016003,0.748577,1.03111265e-04,0.015900,0.772894,1.22536850e-04,8.279524e+05
0.034310,0.015982,0.753365,1.03291585e-04,0.015878,0.778402,1.22503999e-04,8.328168e+05
0.034410,0.015961,0.758168,1.03472586e-04,0.015857,0.783962,1.22470860e-04,8.376595e+05
0.034510,0.015940,0.762985,1.03654274e-04,0.015837,0.789577,1.22437430e-04,8.424797e+05
0.034610,0.015920,0.767818,1.03836658e-04,0.015816,0.795250,1.22403709e-04,8.472767e+05
0.034710,0.015901,0.772666,1.04019744e-04,0.015797,0.800985,1.22369696e-04,8.520498e+05
0.034810,0.015882,0.777528,1.04203542e-04,0.015777,0.806787,1.22335391e-04,8.567983e+05
0.034910,0.015863,0.782405,1.04388057e-04,0.015759,0.812661,1.22300791e-04,8.615215e+05
0.035010,0.015845,0.787297,1.04573298e-04,0.015740,0.818612,1.22265896e-04,8.662187e+05
0.035110,0.015827,0.792204,1.04759271e-04,0.015722,0.824647,1.22230705e-04,8.708891e+05
0.035210,0.015810,0.797126,1.04945986e-04,0.015705,0.830774,1.22195217e-04,8.755321e+05
0.035310,0.015793,0.802062,1.05133449e-04,0.015688,0.837001,1.22159432e-04,8.801469e+05
0.035410,0.015777,0.807012,1.05321668e-04,0.015671,0.843340,1.22123348e-04,8.847329e+05
0.035510,0.015761,0.811978,1.05510650e-04,0.015655,0.849804,1.22086964e-04,8.892894e+05
0.035610,0.015745,0.816957,1.05700403e-04,0.015640,0.856407,1.22050280e-04,8.938157e+05
0.035710,0.015730,0.821952,1.05890934e-04,0.015624,0.863168,1.22013295e-04,8.983110e+05
0.035810,0.015716,0.826960,1.06082252e-04,0.015610,0.870111,1.21976007e-04,9.027747e+05
0.035910,0.015702,0.831983,1.06274363e-04,0.015595,0.877265,1.21938417e-04,9.072060e+05
0.036010,0.015688,0.837021,1.06467275e-04,0.015581,0.884667,1.21900524e-04,9.116044e+05
0.036110,0.015675,0.842072,1.06660995e-04,0.015568,0.892369,1.21862326e-04,9.159691e+05
0.036210,0.015662,0.847138,1.06855532e-04,0.015555,0.900436,1.21823822e-04,9.202995e+05
0.036310,0.015649,0.852218,1.07050892e-04,0.015542,0.908966,1.21785013e-04,9.245948e+05
0.036410,0.015638,0.857312,1.07247084e-04,0.015530,0.918103,1.21745898e-04,9.288544e+05
0.036510,0.015626,0.862420,1.07444114e-04,0.015519,0.928075,1.21706475e-04,9.330776e+05
0.036610,0.015615,0.867542,1.07641990e-04,0.015507,0.939297,1.21666744e-04,9.372638e+05
0.036710,0.015604,0.872679,1.07840720e-04,0.015497,0.952654,1.21626704e-04,9.414123e+05
0.036810,0.015594,0.877829,1.08040311e-04,0.015486,0.970992,1.21586355e-04,9.455225e+05
0.036910,0.015584,0.882993,1.08240770e-04,0.015476,0.999999,1.21545696e-04,9.495936e+05
0.037010,0.015575,0.888170,1.08442106e-04,0.015467,0.999999,1.21504727e-04,9.536251e+05
0.037110,0.015566,0.893362,1.08644325e-04,0.015458,0.999999,1.21463446e-04,9.576164e+05
0.037210,0.015558,0.898567,1.08847435e-04,0.015449,0.999999,1.21421854e-04,9.615667e+05
0.037310,0.015550,0.903786,1.09051444e-04,0.015441,0.999999,1.21379949e-04,9.654755e+05
0.037410,0.015542,0.909018,1.09256359e-04,0.015433,0.999999,1.21337732e-04,9.693421e+05
0.037510,0.015535,0.914264,1.09462187e-04,0.015426,0.999999,1.21295201e-04,9.731660e+05
0.037610,0.015529,0.919524,1.09668936e-04,0.015419,0.999999,1.21252356e-04,9.769465e+05
0.037710,0.015522,0.924797,1.09876613e-04,0.015412,0.999999,1.21209197e-04,9.806830e+05
0.037810,0.015516,0.930083,1.10085226e-04,0.015406,0.999999,1.21165723e-04,9.843749e+05
0.037910,0.015511,0.935383,1.10294782e-04,0.015401,0.999999,1.21121934e-04,9.880217e+05
0.038010,0.015506,0.940696,1.10505288e-04,0.015396,0.999999,1.21077829e-04,9.916227e+05
0.038110,0.015502,0.946022,1.10716753e-04,0.015391,0.999999,1.21033408e-04,9.951774e+05
0.038210,0.015497,0.951362,1.10929183e-04,0.015387,0.999999,1.20988671e-04,9.986853e+05
0.038310,0.015494,0.956714,1.11142585e-04,0.015383,0.999999,1.20943616e-04,1.002146e+06
0.038410,0.015491,0.962080,1.11356968e-04,0.015379,0.999999,1.20898245e-04,1.005558e+06
0.038510,0.015488,0.967458,1.11572338e-04,0.015376,0.999999,1.20852555e-04,1.008922e+06
0.038610,0.015485,0.972850,1.11788703e-04,0.015374,0.999999,1.20806548e-04,1.012237e+06
0.038710,0.015483,0.978254,1.12006070e-04,0.015371,0.999999,1.20760222e-04,1.015502e+06
0.038810,0.015482,0.983672,1.12224447e-04,0.015370,0.999999,1.20713578e-04,1.018717e+06
0.038910,0.015481,0.989102,1.12443840e-04,0.015368,0.999999,1.20666615e-04,1.021882e+06
0.039010,0.015480,0.994544,1.12664258e-04,0.015368,0.999999,1.20619333e-04,1.024995e+06
0.039110,0.015480,1.000001,9.52382266e-07,0.015479,1.000001,1.20571723e-04,2.628649e+03
0.039110,0.015480,1.000001,9.52382266e-07,0.015479,1.000001,1.20571723e-04,2.628649e+03
0.039142,0.015480,1.003466,9.52336456e-07,0.015479,1.000001,1.20541379e-04,2.629282e+03
0.039175,0.015480,1.006938,9.52294680e-07,0.015479,1.000001,1.20510897e-04,2.629858e+03
0.039208,0.015481,1.010414,9.52256953e-07,0.015480,1.000001,1.20480288e-04,2.630379e+03
0.039241,0.015481,1.013895,1.18172485e-06,0.015480,1.005320,1.20449551e-04,3.446015e+03
0.039273,0.015482,1.017381,1.41259052e-06,0.015481,1.010231,1.20418687e-04,4.308008e+03
0.039306,0.015483,1.020872,1.63430006e-06,0.015481,1.014377,1.20387697e-04,5.170039e+03
0.039339,0.015484,1.024367,1.84866553e-06,0.015482,1.018282,1.20356580e-04,6.032029e+03
0.039372,0.015486,1.027868,2.05693052e-06,0.015483,1.022073,1.20325337e-04,6.893899e+03
0.039404,0.015487,1.031372,2.25999752e-06,0.015485,1.025799,1.20293968e-04,7.755570e+03
0.039437,0.015489,1.034882,2.45854906e-06,0.015486,1.029485,1.20262474e-04,8.616962e+03
0.039470,0.015490,1.038396,2.65311791e-06,0.015488,1.033145,1.20230855e-04,9.477998e+03
0.039502,0.015492,1.041914,2.84413052e-06,0.015490,1.036787,1.20199112e-04,1.033860e+04
0.039535,0.015495,1.045436,3.03193530e-06,0.015492,1.040416,1.20167245e-04,1.119868e+04
0.039568,0.015497,1.048963,3.21682172e-06,0.015494,1.044036,1.20135255e-04,1.205818e+04
0.039600,0.015499,1.052495,3.39903378e-06,0.015496,1.047650,1.20103141e-04,1.291700e+04
0.039633,0.015502,1.056030,3.57877967e-06,0.015499,1.051259,1.20070905e-04,1.377507e+04
0.039666,0.015505,1.059570,3.75623889e-06,0.015501,1.054866,1.20038547e-04,1.463232e+04
0.039698,0.015508,1.063113,3.93156763e-06,0.015504,1.058470,1.20006067e-04,1.548866e+04
0.039731,0.015511,1.066661,4.10490292e-06,0.015507,1.062073,1.19973466e-04,1.634402e+04
0.039763,0.015515,1.070212,4.27636585e-06,0.015510,1.065676,1.19940744e-04,1.719831e+04
0.039796,0.015518,1.073768,4.44606408e-06,0.015514,1.069279,1.19907902e-04,1.805147e+04
0.039829,0.015522,1.077327,4.61409391e-06,0.015517,1.072882,1.19874941e-04,1.890342e+04
0.039861,0.015526,1.080890,4.78054190e-06,0.015521,1.076486,1.19841860e-04,1.975407e+04
0.039894,0.015530,1.084456,4.94548627e-06,0.015525,1.080091,1.19808660e-04,2.060336e+04
0.039926,0.015534,1.088027,5.10899795e-06,0.015529,1.083698,1.19775343e-04,2.145120e+04
0.039958,0.015538,1.091601,5.27114153e-06,0.015533,1.087306,1.19741908e-04,2.229752e+04
0.039991,0.015543,1.095178,5.43197607e-06,0.015538,1.090915,1.19708356e-04,2.314225e+04
0.040023,0.015548,1.098759,5.59155571e-06,0.015542,1.094527,1.19674688e-04,2.398531e+04
0.040056,0.015553,1.102343,5.74993024e-06,0.015547,1.098140,1.19640904e-04,2.482662e+04
0.040088,0.015558,1.105930,5.90714562e-06,0.015552,1.101755,1.19607004e-04,2.566611e+04
0.040120,0.015563,1.109521,6.06324431e-06,0.015557,1.105372,1.19572990e-04,2.650372e+04
0.040153,0.015568,1.113115,6.21826569e-06,0.015562,1.108991,1.19538862e-04,2.733935e+04
0.040185,0.015574,1.116712,6.37224638e-06,0.015568,1.112612,1.19504620e-04,2.817295e+04
0.040217,0.015580,1.120312,6.52522042e-06,0.015573,1.116235,1.19470266e-04,2.900443e+04
0.040249,0.015586,1.123916,6.67721962e-06,0.015579,1.119860,1.19435799e-04,2.983373e+04
0.040282,0.015592,1.127522,6.82827367e-06,0.015585,1.123487,1.19401220e-04,3.066077e+04
0.040314,0.015598,1.131131,6.97841041e-06,0.015591,1.127116,1.19366531e-04,3.148548e+04
0.040346,0.015605,1.134742,7.12765591e-06,0.015598,1.130747,1.19331731e-04,3.230780e+04
0.040378,0.015611,1.138357,7.27603469e-06,0.015604,1.134381,1.19296822e-04,3.312764e+04
0.040410,0.015618,1.141974,7.42356978e-06,0.015611,1.138016,1.19261803e-04,3.394495e+04
0.040442,0.015625,1.145594,7.57028289e-06,0.015617,1.141653,1.19226676e-04,3.475965e+04
0.040474,0.015632,1.149216,7.71619450e-06,0.015624,1.145293,1.19191442e-04,3.557168e+04
0.040506,0.015639,1.152841,7.86132393e-06,0.015632,1.148934,1.19156100e-04,3.638096e+04
0.040538,0.015647,1.156468,8.00568945e-06,0.015639,1.152577,1.19120652e-04,3.718743e+04
0.040570,0.015655,1.160098,8.14930835e-06,0.015646,1.156222,1.19085098e-04,3.799102e+04
0.040601,0.015662,1.163730,8.29219701e-06,0.015654,1.159869,1.19049440e-04,3.879167e+04
0.040633,0.015670,1.167364,8.43437095e-06,0.015662,1.163517,1.19013677e-04,3.958930e+04
0.040665,0.015678,1.171001,8.57584490e-06,0.015670,1.167168,1.18977811e-04,4.038386e+04
0.040696,0.015687,1.174639,8.71663285e-06,0.015678,1.170820,1.18941842e-04,4.117528e+04
0.040728,0.015695,1.178279,8.85674810e-06,0.015686,1.174474,1.18905770e-04,4.196349e+04
0.040760,0.015704,1.181922,8.99620331e-06,0.015695,1.178129,1.18869598e-04,4.274844e+04
0.040791,0.015713,1.185566,9.13501052e-06,0.015704,1.181786,1.18833325e-04,4.353006e+04
0.040823,0.015722,1.189213,9.27318118e-06,0.015712,1.185445,1.18796952e-04,4.430829e+04
0.040854,0.015731,1.192861,9.41072624e-06,0.015721,1.189105,1.18760480e-04,4.508306e+04
0.040886,0.015740,1.196510,9.54765612e-06,0.015731,1.192766,1.18723910e-04,4.585432e+04
0.040917,0.015750,1.200162,9.68398077e-06,0.015740,1.196429,1.18687242e-04,4.662201e+04
0.040948,0.015759,1.203815,9.81970967e-06,0.015749,1.200093,1.18650477e-04,4.738607e+04
0.040979,0.015769,1.207469,9.95485191e-06,0.015759,1.203759,1.18613617e-04,4.814643e+04
0.041011,0.015779,1.211125,1.00894161e-05,0.015769,1.207426,1.18576661e-04,4.890305e+04
0.041042,0.015789,1.214783,1.02234107e-05,0.015779,1.211094,1.18539611e-04,4.965587e+04
0.041073,0.015799,1.218441,1.03568434e-05,0.015789,1.214763,1.18502467e-04,5.040483e+04
0.041104,0.015810,1.222101,1.04897219e-05,0.015799,1.218433,1.18465231e-04,5.114987e+04
0.041135,0.015821,1.225762,1.06220534e-05,0.015810,1.222104,1.18427902e-04,5.189094e+04
0.041166,0.015831,1.229425,1.07538449e-05,0.015821,1.225776,1.18390482e-04,5.262799e+04
0.041197,0.015842,1.233088,1.08851030e-05,0.015831,1.229449,1.18352972e-04,5.336096e+04
0.041227,0.015853,1.236753,1.10158341e-05,0.015842,1.233123,1.18315373e-04,5.408980e+04
0.041258,0.015865,1.240418,1.11460443e-05,0.015854,1.236797,1.18277684e-04,5.481446e+04
0.041289,0.015876,1.244084,1.12757394e-05,0.015865,1.240472,1.18239908e-04,5.553490e+04
0.041320,0.015888,1.247751,1.14049250e-05,0.015876,1.244148,1.18202045e-04,5.625105e+04
0.041350,0.015900,1.251419,1.15336065e-05,0.015888,1.247825,1.18164096e-04,5.696287e+04
0.041381,0.015911,1.255088,1.16617891e-05,0.015900,1.251502,1.18126061e-04,5.767032e+04
0.041411,0.015924,1.258757,1.17894775e-05,0.015912,1.255180,1.18087942e-04,5.837334e+04
0.041441,0.015936,1.262427,1.19166767e-05,0.015924,1.258858,1.18049739e-04,5.907189e+04
0.041472,0.015948,1.266097,1.20433910e-05,0.015936,1.262536,1.18011454e-04,5.976593e+04
0.041502,0.015961,1.269768,1.21696248e-05,0.015949,1.266215,1.17973087e-04,6.045540e+04
0.041532,0.015974,1.273439,1.22953824e-05,0.015961,1.269894,1.17934639e-04,6.114027e+04
0.041562,0.015986,1.277110,1.24206675e-05,0.015974,1.273574,1.17896111e-04,6.182050e+04
0.041592,0.015999,1.280782,1.25454842e-05,0.015987,1.277253,1.17857503e-04,6.249603e+04
0.041622,0.016013,1.284454,1.26698360e-05,0.016000,1.280933,1.17818818e-04,6.316683e+04
0.041652,0.016026,1.288126,1.27937265e-05,0.016013,1.284612,1.17780055e-04,6.383286e+04
0.041682,0.016040,1.291798,1.29171589e-05,0.016027,1.288292,1.17741215e-04,6.449408e+04
0.041712,0.016053,1.295470,1.30401365e-05,0.016040,1.291971,1.17702300e-04,6.515044e+04
0.041741,0.016067,1.299142,1.31626624e-05,0.016054,1.295650,1.17663310e-04,6.580192e+04
0.041771,0.016081,1.302813,1.32847395e-05,0.016068,1.299329,1.17624247e-04,6.644848e+04
0.041801,0.016095,1.306485,1.34063706e-05,0.016082,1.303008,1.17585110e-04,6.709007e+04
0.041830,0.016110,1.310157,1.35275584e-05,0.016096,1.306687,1.17545902e-04,6.772667e+04
0.041859,0.016124,1.313828,1.36483055e-05,0.016110,1.310365,1.17506622e-04,6.835823e+04
0.041889,0.016139,1.317498,1.37686143e-05,0.016125,1.314043,1.17467273e-04,6.898474e+04
0.041918,0.016153,1.321169,1.38884871e-05,0.016140,1.317720,1.17427854e-04,6.960614e+04
0.041947,0.016168,1.324839,1.40079263e-05,0.016154,1.321396,1.17388367e-04,7.022242e+04
0.041976,0.016183,1.328508,1.41269339e-05,0.016169,1.325072,1.17348813e-04,7.083353e+04
0.042005,0.016199,1.332177,1.42455119e-05,0.016184,1.328748,1.17309192e-04,7.143946e+04
0.042034,0.016214,1.335844,1.43636622e-05,0.016200,1.332422,1.17269506e-04,7.204017e+04
0.042063,0.016230,1.339512,1.44813868e-05,0.016215,1.336096,1.17229756e-04,7.263563e+04
0.042092,0.016245,1.343178,1.45986873e-05,0.016231,1.339769,1.17189941e-04,7.322582e+04
0.042120,0.016261,1.346844,1.47155654e-05,0.016246,1.343441,1.17150065e-04,7.381070e+04
0.042149,0.016277,1.350508,1.48320226e-05,0.016262,1.347112,1.17110127e-04,7.439026e+04
0.042177,0.016293,1.354172,1.49480604e-05,0.016278,1.350782,1.17070128e-04,7.496447e+04
0.042206,0.016310,1.357835,1.50636803e-05,0.016295,1.354451,1.17030069e-04,7.553330e+04
0.042206,0.016310,1.357835,1.50636803e-05,0.016295,1.354451,1.17030069e-04,7.553330e+04
0.042397,0.016420,1.381732,1.58383768e-05,0.016404,1.378382,1.16766977e-04,7.930067e+04
0.042588,0.016530,1.404250,1.66077958e-05,0.016513,1.400920,1.16516370e-04,8.297694e+04
0.042779,0.016639,1.425595,1.73723992e-05,0.016622,1.422275,1.16276466e-04,8.656513e+04
0.042970,0.016748,1.445922,1.81325933e-05,0.016730,1.442606,1.16045895e-04,9.006807e+04
0.043161,0.016857,1.465357,1.88887380e-05,0.016838,1.462039,1.15823578e-04,9.348849e+04
0.043352,0.016966,1.483999,1.96411528e-05,0.016946,1.480676,1.15608644e-04,9.682895e+04
0.043543,0.017074,1.501931,2.03901231e-05,0.017053,1.498598,1.15400379e-04,1.000920e+05
0.043734,0.017182,1.519219,2.11359047e-05,0.017160,1.515875,1.15198187e-04,1.032799e+05
0.043925,0.017289,1.535923,2.18787275e-05,0.017267,1.532565,1.15001565e-04,1.063951e+05
0.044116,0.017396,1.552091,2.26187993e-05,0.017374,1.548718,1.14810082e-04,1.094397e+05
0.044307,0.017503,1.567765,2.33563081e-05,0.017480,1.564376,1.14623367e-04,1.124158e+05
0.044498,0.017610,1.582983,2.40914245e-05,0.017586,1.579576,1.14441095e-04,1.153256e+05
0.044690,0.017716,1.597776,2.48243041e-05,0.017691,1.594350,1.14262982e-04,1.181711e+05
0.044881,0.017822,1.612172,2.55550888e-05,0.017796,1.608728,1.14088777e-04,1.209540e+05
0.045072,0.017927,1.626198,2.62839085e-05,0.017901,1.622735,1.13918256e-04,1.236763e+05
0.045263,0.018033,1.639876,2.70108823e-05,0.018006,1.636393,1.13751217e-04,1.263398e+05
0.045454,0.018137,1.653226,2.77361197e-05,0.018110,1.649723,1.13587481e-04,1.289462e+05
0.045645,0.018242,1.666266,2.84597214e-05,0.018214,1.662742,1.13426882e-04,1.314972e+05
0.045836,0.018346,1.679013,2.91817803e-05,0.018317,1.675469,1.13269274e-04,1.339943e+05
0.046027,0.018450,1.691482,2.99023823e-05,0.018420,1.687917,1.13114520e-04,1.364392e+05
0.046218,0.018554,1.703686,3.06216068e-05,0.018523,1.700101,1.12962495e-04,1.388333e+05
0.046409,0.018657,1.715639,3.13395274e-05,0.018626,1.712033,1.12813086e-04,1.411781e+05
0.046600,0.018760,1.727352,3.20562124e-05,0.018728,1.723725,1.12666187e-04,1.434750e+05
0.046791,0.018862,1.738836,3.27717250e-05,0.018830,1.735188,1.12521700e-04,1.457254e+05
0.046982,0.018965,1.750100,3.34861244e-05,0.018931,1.746431,1.12379535e-04,1.479306e+05
0.047173,0.019067,1.761153,3.41994653e-05,0.019032,1.757464,1.12239606e-04,1.500919e+05
0.047364,0.019168,1.772005,3.49117989e-05,0.019133,1.768295,1.12101837e-04,1.522104e+05
0.047556,0.019270,1.782663,3.56231729e-05,0.019234,1.778932,1.11966153e-04,1.542874e+05
0.047747,0.019371,1.793135,3.63336318e-05,0.019334,1.789383,1.11832485e-04,1.563241e+05
0.047938,0.019471,1.803427,3.70432173e-05,0.019434,1.799655,1.11700769e-04,1.583216e+05
0.048129,0.019571,1.813546,3.77519682e-05,0.019534,1.809753,1.11570944e-04,1.602809e+05
0.048320,0.019671,1.823498,3.84599209e-05,0.019633,1.819685,1.11442953e-04,1.622032e+05
0.048511,0.019771,1.833289,3.91671094e-05,0.019732,1.829455,1.11316740e-04,1.640893e+05
0.048702,0.019870,1.842924,3.98735658e-05,0.019830,1.839070,1.11192256e-04,1.659404e+05
0.048893,0.019969,1.852408,4.05793198e-05,0.019929,1.848534,1.11069452e-04,1.677574e+05
0.049084,0.020068,1.861746,4.12843995e-05,0.020027,1.857852,1.10948282e-04,1.695411e+05
0.049275,0.020166,1.870942,4.19888312e-05,0.020124,1.867028,1.10828702e-04,1.712926e+05
0.049466,0.020264,1.880002,4.26926396e-05,0.020222,1.876068,1.10710670e-04,1.730126e+05
0.049657,0.020362,1.888928,4.33958478e-05,0.020319,1.884975,1.10594148e-04,1.747020e+05
0.049848,0.020459,1.897725,4.40984776e-05,0.020415,1.893752,1.10479097e-04,1.763617e+05
0.050039,0.020556,1.906397,4.48005495e-05,0.020512,1.902404,1.10365481e-04,1.779924e+05
0.050230,0.020653,1.914947,4.55020825e-05,0.020608,1.910935,1.10253266e-04,1.795949e+05
0.050421,0.020749,1.923378,4.62030948e-05,0.020703,1.919346,1.10142420e-04,1.811699e+05
0.050613,0.020845,1.931694,4.69036032e-05,0.020798,1.927643,1.10032910e-04,1.827182e+05
0.050804,0.020941,1.939897,4.76036236e-05,0.020893,1.935827,1.09924707e-04,1.842405e+05
0.050995,0.021036,1.947990,4.83031711e-05,0.020988,1.943901,1.09817781e-04,1.857375e+05
0.051186,0.021132,1.955977,4.90022596e-05,0.021083,1.951869,1.09712105e-04,1.872098e+05
0.051377,0.021226,1.963860,4.97009023e-05,0.021177,1.959733,1.09607652e-04,1.886580e+05
0.051568,0.021321,1.971641,5.03991117e-05,0.021270,1.967495,1.09504397e-04,1.900829e+05
0.051759,0.021415,1.979323,5.10968992e-05,0.021364,1.975159,1.09402314e-04,1.914850e+05
0.051950,0.021508,1.986908,5.17942759e-05,0.021457,1.982725,1.09301380e-04,1.928649e+05
0.052141,0.021602,1.994399,5.24912520e-05,0.021549,1.990197,1.09201573e-04,1.942231e+05
0.052332,0.021695,2.001797,5.31878370e-05,0.021642,1.997577,1.09102869e-04,1.955603e+05
0.052523,0.021788,2.009105,5.38840400e-05,0.021734,2.004867,1.09005248e-04,1.968770e+05
0.052714,0.021880,2.016325,5.45798694e-05,0.021825,2.012068,1.08908689e-04,1.981736e+05
0.052905,0.021972,2.023458,5.52753332e-05,0.021917,2.019184,1.08813172e-04,1.994508e+05
0.053096,0.022064,2.030507,5.59704385e-05,0.022008,2.026214,1.08718678e-04,2.007090e+05
0.053287,0.022155,2.037473,5.66651925e-05,0.022099,2.033162,1.08625188e-04,2.019487e+05
0.053479,0.022246,2.044357,5.73596014e-05,0.022189,2.040029,1.08532684e-04,2.031704e+05
0.053670,0.022337,2.051163,5.80536714e-05,0.022279,2.046817,1.08441150e-04,2.043746e+05
0.053861,0.022428,2.057890,5.87474079e-05,0.022369,2.053527,1.08350567e-04,2.055616e+05
0.054052,0.022518,2.064542,5.94408163e-05,0.022458,2.060160,1.08260920e-04,2.067319e+05
0.054243,0.022608,2.071118,6.01339013e-05,0.022547,2.066719,1.08172192e-04,2.078860e+05
0.054434,0.022697,2.077622,6.08266674e-05,0.022636,2.073205,1.08084369e-04,2.090242e+05
0.054625,0.022786,2.084053,6.15191187e-05,0.022725,2.079619,1.07997435e-04,2.101470e+05
0.054816,0.022875,2.090414,6.22112591e-05,0.022813,2.085963,1.07911376e-04,2.112547e+05
0.055007,0.022963,2.096705,6.29030921e-05,0.022900,2.092237,1.07826178e-04,2.123477e+05
0.055198,0.023052,2.102929,6.35946210e-05,0.022988,2.098443,1.07741827e-04,2.134265e+05
0.055389,0.023139,2.109086,6.42858485e-05,0.023075,2.104583,1.07658309e-04,2.144912e+05
0.055580,0.023227,2.115177,6.49767776e-05,0.023162,2.110657,1.07575612e-04,2.155424e+05
0.055771,0.023314,2.121204,6.56674105e-05,0.023248,2.116667,1.07493724e-04,2.165804e+05
0.055962,0.023401,2.127167,6.63577496e-05,0.023334,2.122613,1.07412631e-04,2.176054e+05
0.056153,0.023487,2.133068,6.70477967e-05,0.023420,2.128498,1.07332322e-04,2.186179e+05
0.056344,0.023574,2.138908,6.77375537e-05,0.023506,2.134321,1.07252786e-04,2.196181e+05
0.056536,0.023659,2.144688,6.84270221e-05,0.023591,2.140084,1.07174010e-04,2.206063e+05
0.056727,0.023745,2.150409,6.91162032e-05,0.023676,2.145788,1.07095985e-04,2.215828e+05
0.056918,0.023830,2.156071,6.98050982e-05,0.023760,2.151434,1.07018699e-04,2.225480e+05
0.057109,0.023915,2.161677,7.04937082e-05,0.023844,2.157023,1.06942142e-04,2.235021e+05
0.057300,0.023999,2.167226,7.11820338e-05,0.023928,2.162555,1.06866303e-04,2.244454e+05
0.057491,0.024084,2.172719,7.18700759e-05,0.024012,2.168033,1.06791172e-04,2.253781e+05
0.057682,0.024168,2.178158,7.25578348e-05,0.024095,2.173455,1.06716741e-04,2.263006e+05
0.057873,0.024251,2.183543,7.32453109e-05,0.024178,2.178824,1.06642998e-04,2.272131e+05
0.058064,0.024334,2.188876,7.39325044e-05,0.024260,2.184140,1.06569936e-04,2.281159e+05
0.058255,0.024417,2.194156,7.46194154e-05,0.024343,2.189404,1.06497545e-04,2.290091e+05
0.058446,0.024500,2.199385,7.53060438e-05,0.024424,2.194617,1.06425815e-04,2.298931e+05
0.058637,0.024582,2.204563,7.59923894e-05,0.024506,2.199779,1.06354740e-04,2.307680e+05
0.058828,0.024664,2.209691,7.66784519e-05,0.024587,2.204891,1.06284309e-04,2.316342e+05
0.059019,0.024745,2.214771,7.73642309e-05,0.024668,2.209954,1.06214515e-04,2.324918e+05
0.059210,0.024827,2.219801,7.80497258e-05,0.024749,2.214969,1.06145349e-04,2.333410e+05
0.059401,0.024908,2.224784,7.87349360e-05,0.024829,2.219936,1.06076804e-04,2.341821e+05
0.059593,0.024988,2.229721,7.94198607e-05,0.024909,2.224857,1.06008873e-04,2.350153e+05
0.059784,0.025069,2.234610,8.01044991e-05,0.024988,2.229730,1.05941546e-04,2.358407e+05
0.059975,0.025148,2.239454,8.07888502e-05,0.025068,2.234558,1.05874818e-04,2.366586e+05
0.060166,0.025228,2.244253,8.14729131e-05,0.025147,2.239341,1.05808680e-04,2.374692e+05
0.060357,0.025307,2.249007,8.21566866e-05,0.025225,2.244080,1.05743127e-04,2.382727e+05
0.060548,0.025386,2.253717,8.28401695e-05,0.025303,2.248774,1.05678150e-04,2.390692e+05
0.060739,0.025465,2.258383,8.35233605e-05,0.025381,2.253425,1.05613743e-04,2.398589e+05
0.060930,0.025543,2.263007,8.42062583e-05,0.025459,2.258033,1.05549899e-04,2.406420e+05
0.061121,0.025621,2.267589,8.48888614e-05,0.025536,2.262600,1.05486612e-04,2.414188e+05
0.061312,0.025699,2.272129,8.55711684e-05,0.025613,2.267124,1.05423875e-04,2.421893e+05
0.061503,0.025776,2.276628,8.62531778e-05,0.025690,2.271607,1.05361683e-04,2.429537e+05
0.061694,0.025853,2.281086,8.69348878e-05,0.025766,2.276050,1.05300028e-04,2.437122e+05
0.061885,0.025930,2.285503,8.76162968e-05,0.025842,2.280452,1.05238906e-04,2.444649e+05
0.062076,0.026006,2.289882,8.82974030e-05,0.025918,2.284815,1.05178309e-04,2.452120e+05
0.062267,0.026082,2.294221,8.89782047e-05,0.025993,2.289138,1.05118233e-04,2.459537e+05
0.062459,0.026158,2.298521,8.96587000e-05,0.026068,2.293423,1.05058672e-04,2.466901e+05
0.062650,0.026233,2.302783,9.03388869e-05,0.026143,2.297670,1.04999619e-04,2.474214e+05
0.062841,0.026308,2.307007,9.10187636e-05,0.026217,2.301879,1.04941070e-04,2.481476e+05
0.063032,0.026383,2.311194,9.16983279e-05,0.026291,2.306050,1.04883020e-04,2.488690e+05
0.063223,0.026457,2.315344,9.23775780e-05,0.026365,2.310185,1.04825462e-04,2.495856e+05
0.063414,0.026531,2.319457,9.30565115e-05,0.026438,2.314283,1.04768392e-04,2.502977e+05
0.063605,0.026605,2.323534,9.37351265e-05,0.026511,2.318345,1.04711805e-04,2.510053e+05
0.063796,0.026678,2.327576,9.44134206e-05,0.026584,2.322372,1.04655696e-04,2.517086e+05
0.063987,0.026751,2.331582,9.50913918e-05,0.026656,2.326363,1.04600059e-04,2.524076e+05
0.064178,0.026824,2.335553,9.57690377e-05,0.026728,2.330319,1.04544891e-04,2.531026e+05
0.064369,0.026896,2.339490,9.64463559e-05,0.026800,2.334241,1.04490186e-04,2.537936e+05
0.064560,0.026968,2.343393,9.71233443e-05,0.026871,2.338129,1.04435940e-04,2.544808e+05
0.064751,0.027040,2.347262,9.78000004e-05,0.026942,2.341983,1.04382148e-04,2.551643e+05
0.064942,0.027112,2.351098,9.84763217e-05,0.027013,2.345803,1.04328806e-04,2.558442e+05
0.065133,0.027183,2.354900,9.91523059e-05,0.027083,2.349591,1.04275909e-04,2.565205e+05
0.065324,0.027253,2.358670,9.98279505e-05,0.027154,2.353346,1.04223454e-04,2.571935e+05
0.065516,0.027324,2.362407,1.00503253e-04,0.027223,2.357068,1.04171435e-04,2.578632e+05
0.065707,0.027394,2.366113,1.01178211e-04,0.027293,2.360759,1.04119849e-04,2.585297e+05
0.065898,0.027464,2.369787,1.01852822e-04,0.027362,2.364418,1.04068692e-04,2.591932e+05
0.066089,0.027533,2.373429,1.02527082e-04,0.027431,2.368045,1.04017959e-04,2.598537e+05
0.066280,0.027602,2.377041,1.03200991e-04,0.027499,2.371642,1.03967647e-04,2.605113e+05
0.066471,0.027671,2.380621,1.03874544e-04,0.027567,2.375208,1.03917752e-04,2.611662e+05
0.066662,0.027739,2.384172,1.04547740e-04,0.027635,2.378743,1.03868270e-04,2.618184e+05
0.066853,0.027808,2.387692,1.05220576e-04,0.027702,2.382249,1.03819197e-04,2.624681e+05
0.067044,0.027875,2.391182,1.05893048e-04,0.027769,2.385724,1.03770529e-04,2.631152e+05
0.067235,0.027943,2.394643,1.06565155e-04,0.027836,2.389170,1.03722264e-04,2.637600e+05
0.067426,0.028010,2.398074,1.07236893e-04,0.027903,2.392587,1.03674396e-04,2.644024e+05
0.067617,0.028077,2.401477,1.07908260e-04,0.027969,2.395974,1.03626924e-04,2.650427e+05
0.067808,0.028143,2.404850,1.08579253e-04,0.028035,2.399333,1.03579843e-04,2.656808e+05
0.067999,0.028209,2.408196,1.09249869e-04,0.028100,2.402664,1.03533150e-04,2.663169e+05
0.068190,0.028275,2.411513,1.09920105e-04,0.028165,2.405967,1.03486841e-04,2.669510e+05
0.068382,0.028341,2.414802,1.10589959e-04,0.028230,2.409241,1.03440914e-04,2.675833e+05
0.068573,0.028406,2.418064,1.11259428e-04,0.028295,2.412488,1.03395365e-04,2.682138e+05
0.068764,0.028471,2.421298,1.11928508e-04,0.028359,2.415707,1.03350191e-04,2.688425e+05
0.068955,0.028535,2.424505,1.12597197e-04,0.028423,2.418900,1.03305388e-04,2.694696e+05
0.069146,0.028599,2.427685,1.13265492e-04,0.028486,2.422065,1.03260954e-04,2.700952e+05
0.069337,0.028663,2.430838,1.13933391e-04,0.028549,2.425204,1.03216886e-04,2.707193e+05
0.069528,0.028727,2.433965,1.14600889e-04,0.028612,2.428316,1.03173181e-04,2.713419e+05
0.069719,0.028790,2.437066,1.15267985e-04,0.028675,2.431402,1.03129835e-04,2.719633e+05
0.069910,0.028853,2.440141,1.15934675e-04,0.028737,2.434462,1.03086846e-04,2.725833e+05
0.070101,0.028915,2.443190,1.16600956e-04,0.028799,2.437497,1.03044211e-04,2.732022e+05
0.070292,0.028977,2.446213,1.17266825e-04,0.028860,2.440506,1.03001927e-04,2.738200e+05
0.070483,0.029039,2.449211,1.17932280e-04,0.028921,2.443489,1.02959991e-04,2.744367e+05
0.070674,0.029101,2.452184,1.18597318e-04,0.028982,2.446447,1.02918401e-04,2.750524e+05
0.070865,0.029162,2.455132,1.19261934e-04,0.029043,2.449381,1.02877154e-04,2.756672e+05
0.071056,0.029223,2.458056,1.19926127e-04,0.029103,2.452290,1.02836247e-04,2.762812e+05
0.071247,0.029284,2.460954,1.20589893e-04,0.029163,2.455174,1.02795678e-04,2.768943e+05
0.071439,0.029344,2.463829,1.21253230e-04,0.029223,2.458034,1.02755443e-04,2.775067e+05
0.071630,0.029404,2.466679,1.21916133e-04,0.029282,2.460869,1.02715542e-04,2.781185e+05
0.071821,0.029463,2.469506,1.22578601e-04,0.029341,2.463681,1.02675970e-04,2.787297e+05
0.072012,0.029523,2.472308,1.23240630e-04,0.029399,2.466470,1.02636727e-04,2.793403e+05
0.072203,0.029581,2.475088,1.23902217e-04,0.029458,2.469234,1.02597808e-04,2.799505e+05
0.072394,0.029640,2.477843,1.24563358e-04,0.029515,2.471975,1.02559212e-04,2.805602e+05
0.072585,0.029698,2.480576,1.25224052e-04,0.029573,2.474693,1.02520937e-04,2.811696e+05
0.072776,0.029756,2.483286,1.25884294e-04,0.029630,2.477388,1.02482980e-04,2.817787e+05
0.072967,0.029814,2.485972,1.26544081e-04,0.029687,2.480061,1.02445338e-04,2.823875e+05
0.073158,0.029871,2.488637,1.27203411e-04,0.029744,2.482710,1.02408010e-04,2.829961e+05
0.073349,0.029928,2.491278,1.27862281e-04,0.029800,2.485337,1.02370994e-04,2.836046e+05
0.073540,0.029985,2.493897,1.28520686e-04,0.029856,2.487942,1.02334287e-04,2.842130e+05
0.073731,0.030041,2.496495,1.29178625e-04,0.029912,2.490525,1.02297887e-04,2.848214e+05
0.073922,0.030097,2.499070,1.29836093e-04,0.029967,2.493085,1.02261792e-04,2.854298e+05
0.074113,0.030153,2.501623,1.30493088e-04,0.030022,2.495624,1.02226000e-04,2.860383e+05
0.074305,0.030208,2.504155,1.31149607e-04,0.030077,2.498141,1.02190508e-04,2.866470e+05
0.074496,0.030263,2.506665,1.31805646e-04,0.030131,2.500637,1.02155315e-04,2.872558e+05
0.074687,0.030318,2.509154,1.32461202e-04,0.030185,2.503111,1.02120419e-04,2.878648e+05
0.074878,0.030372,2.511621,1.33116272e-04,0.030239,2.505564,1.02085818e-04,2.884742e+05
0.075069,0.030426,2.514067,1.33770854e-04,0.030292,2.507995,1.02051510e-04,2.890838e+05
0.075260,0.030480,2.516493,1.34424942e-04,0.030345,2.510406,1.02017492e-04,2.896939e+05
0.075451,0.030533,2.518898,1.35078535e-04,0.030398,2.512796,1.01983764e-04,2.903044e+05
0.075642,0.030586,2.521282,1.35731630e-04,0.030450,2.515166,1.01950322e-04,2.909153e+05
0.075833,0.030639,2.523645,1.36384222e-04,0.030502,2.517515,1.01917166e-04,2.915268e+05
0.076024,0.030691,2.525988,1.37036310e-04,0.030554,2.519843,1.01884294e-04,2.921389e+05
0.076215,0.030743,2.528311,1.37687888e-04,0.030605,2.522151,1.01851703e-04,2.927516e+05
0.076406,0.030795,2.530614,1.38338956e-04,0.030656,2.524440,1.01819392e-04,2.933649e+05
0.076597,0.030846,2.532897,1.38989508e-04,0.030707,2.526708,1.01787359e-04,2.939790e+05
0.076788,0.030897,2.535160,1.39639542e-04,0.030757,2.528956,1.01755602e-04,2.945938e+05
0.076979,0.030948,2.537403,1.40289055e-04,0.030807,2.531185,1.01724121e-04,2.952094e+05
0.077170,0.030998,2.539626,1.40938043e-04,0.030857,2.533394,1.01692912e-04,2.958259e+05
0.077362,0.031048,2.541831,1.41586503e-04,0.030907,2.535583,1.01661975e-04,2.964432e+05
0.077553,0.031098,2.544015,1.42234432e-04,0.030956,2.537753,1.01631307e-04,2.970615e+05
0.077744,0.031147,2.546181,1.42881827e-04,0.031004,2.539904,1.01600908e-04,2.976808e+05
0.077935,0.031196,2.548327,1.43528684e-04,0.031053,2.542036,1.01570776e-04,2.983011e+05
0.078126,0.031245,2.550455,1.44175001e-04,0.031101,2.544149,1.01540908e-04,2.989224e+05
0.078317,0.031294,2.552564,1.44820773e-04,0.031149,2.546243,1.01511304e-04,2.995449e+05
0.078508,0.031342,2.554653,1.45465997e-04,0.031196,2.548318,1.01481962e-04,3.001685e+05
0.078699,0.031389,2.556724,1.46110671e-04,0.031243,2.550374,1.01452881e-04,3.007932e+05
0.078890,0.031437,2.558777,1.46754790e-04,0.031290,2.552412,1.01424058e-04,3.014193e+05
0.079081,0.031484,2.560811,1.47398353e-04,0.031337,2.554431,1.01395494e-04,3.020465e+05
0.079272,0.031531,2.562827,1.48041354e-04,0.031383,2.556432,1.01367185e-04,3.026751e+05
0.079463,0.031577,2.564825,1.48683792e-04,0.031428,2.558415,1.01339131e-04,3.033050e+05
0.079654,0.031623,2.566804,1.49325663e-04,0.031474,2.560380,1.01311330e-04,3.039364e+05
0.079845,0.031669,2.568766,1.49966962e-04,0.031519,2.562327,1.01283781e-04,3.045691e+05
0.080036,0.031714,2.570709,1.50607688e-04,0.031564,2.564255,1.01256483e-04,3.052033e+05
0.080228,0.031760,2.572635,1.51247837e-04,0.031608,2.566166,1.01229434e-04,3.058390e+05
0.080419,0.031804,2.574543,1.51887405e-04,0.031653,2.568059,1.01202633e-04,3.064763e+05
0.080610,0.031849,2.576433,1.52526390e-04,0.031696,2.569935,1.01176078e-04,3.071151e+05
0.080801,0.031893,2.578306,1.53164787e-04,0.031740,2.571793,1.01149769e-04,3.077556e+05
0.080992,0.031937,2.580161,1.53802593e-04,0.031783,2.573633,1.01123704e-04,3.083977e+05
0.081183,0.031980,2.581999,1.54439806e-04,0.031826,2.575456,1.01097881e-04,3.090416e+05
0.081374,0.032023,2.583820,1.55076422e-04,0.031868,2.577262,1.01072301e-04,3.096871e+05
0.081565,0.032066,2.585624,1.55712437e-04,0.031911,2.579051,1.01046960e-04,3.103344e+05
0.081756,0.032109,2.587410,1.56347848e-04,0.031952,2.580823,1.01021858e-04,3.109836e+05
0.081947,0.032151,2.589180,1.56982651e-04,0.031994,2.582577,1.00996995e-04,3.116345e+05
0.082138,0.032193,2.590933,1.57616845e-04,0.032035,2.584315,1.00972368e-04,3.122874e+05
0.082329,0.032234,2.592668,1.58250424e-04,0.032076,2.586036,1.00947977e-04,3.129422e+05
0.082520,0.032276,2.594388,1.58883385e-04,0.032117,2.587740,1.00923820e-04,3.135989e+05
0.082711,0.032316,2.596090,1.59515726e-04,0.032157,2.589427,1.00899896e-04,3.142576e+05
0.082902,0.032357,2.597776,1.60147443e-04,0.032197,2.591098,1.00876205e-04,3.149184e+05
0.083093,0.032397,2.599445,1.60778532e-04,0.032236,2.592752,1.00852745e-04,3.155812e+05
0.083285,0.032437,2.601098,1.61408991e-04,0.032276,2.594390,1.00829515e-04,3.162461e+05
0.083476,0.032477,2.602735,1.62038815e-04,0.032315,2.596012,1.00806513e-04,3.169132e+05
0.083667,0.032516,2.604355,1.62668001e-04,0.032353,2.597617,1.00783740e-04,3.175824e+05
0.083858,0.032555,2.605960,1.63296547e-04,0.032391,2.599206,1.00761193e-04,3.182538e+05
0.084049,0.032593,2.607548,1.63924447e-04,0.032429,2.600779,1.00738873e-04,3.189275e+05
0.084240,0.032631,2.609120,1.64551700e-04,0.032467,2.602336,1.00716777e-04,3.196035e+05
0.084431,0.032669,2.610676,1.65178302e-04,0.032504,2.603877,1.00694905e-04,3.202817e+05
0.084622,0.032707,2.612216,1.65804249e-04,0.032541,2.605402,1.00673256e-04,3.209624e+05
0.084813,0.032744,2.613741,1.66429537e-04,0.032578,2.606911,1.00651828e-04,3.216454e+05
0.085004,0.032781,2.615249,1.67054165e-04,0.032614,2.608405,1.00630622e-04,3.223308e+05
0.085195,0.032818,2.616742,1.67678127e-04,0.032650,2.609882,1.00609636e-04,3.230186e+05
0.085386,0.032854,2.618220,1.68301420e-04,0.032686,2.611344,1.00588868e-04,3.237090e+05
0.085577,0.032890,2.619681,1.68924042e-04,0.032721,2.612791,1.00568319e-04,3.244019e+05
0.085768,0.032926,2.621128,1.69545989e-04,0.032756,2.614222,1.00547987e-04,3.250973e+05
0.085959,0.032961,2.622559,1.70167256e-04,0.032791,2.615637,1.00527871e-04,3.257954e+05
0.086151,0.032996,2.623974,1.70787842e-04,0.032825,2.617038,1.00507971e-04,3.264960e+05
0.086342,0.033030,2.625375,1.71407741e-04,0.032859,2.618423,1.00488285e-04,3.271994e+05
0.086533,0.033065,2.626760,1.72026952e-04,0.032893,2.619792,1.00468813e-04,3.279054e+05
0.086724,0.033099,2.628130,1.72645470e-04,0.032926,2.621147,1.00449554e-04,3.286141e+05
0.086915,0.033132,2.629485,1.73263292e-04,0.032959,2.622486,1.00430507e-04,3.293257e+05
0.087106,0.033166,2.630824,1.73880414e-04,0.032992,2.623810,1.00411672e-04,3.300400e+05
0.087297,0.033199,2.632149,1.74496833e-04,0.033024,2.625120,1.00393046e-04,3.307572e+05
0.087488,0.033231,2.633459,1.75112546e-04,0.033056,2.626414,1.00374630e-04,3.314772e+05
0.087679,0.033264,2.634754,1.75727548e-04,0.033088,2.627693,1.00356424e-04,3.322001e+05
0.087870,0.033296,2.636034,1.76341837e-04,0.033119,2.628958,1.00338425e-04,3.329260e+05
0.088061,0.033327,2.637300,1.76955409e-04,0.033150,2.630208,1.00320633e-04,3.336549e+05
0.088252,0.033359,2.638551,1.77568261e-04,0.033181,2.631443,1.00303048e-04,3.343867e+05
0.088443,0.033390,2.639787,1.78180388e-04,0.033211,2.632663,1.00285669e-04,3.351216e+05
0.088634,0.033420,2.641008,1.78791788e-04,0.033241,2.633869,1.00268495e-04,3.358596e+05
0.088825,0.033451,2.642215,1.79402457e-04,0.033271,2.635060,1.00251525e-04,3.366007e+05
0.089016,0.033481,2.643408,1.80012391e-04,0.033301,2.636237,1.00234759e-04,3.373450e+05
0.089208,0.033510,2.644586,1.80621586e-04,0.033330,2.637399,1.00218195e-04,3.380924e+05
0.089399,0.033540,2.645749,1.81230041e-04,0.033358,2.638547,1.00201834e-04,3.388431e+05
0.089590,0.033569,2.646898,1.81837749e-04,0.033387,2.639680,1.00185675e-04,3.395970e+05
0.089781,0.033597,2.648033,1.82444709e-04,0.033415,2.640799,1.00169716e-04,3.403542e+05
0.089972,0.033626,2.649154,1.83050917e-04,0.033443,2.641904,1.00153958e-04,3.411148e+05
0.090163,0.033654,2.650261,1.83656369e-04,0.033470,2.642995,1.00138399e-04,3.418786e+05
0.090354,0.033682,2.651353,1.84261061e-04,0.033497,2.644071,1.00123039e-04,3.426459e+05
0.090545,0.033709,2.652431,1.84864990e-04,0.033524,2.645133,1.00107878e-04,3.434167e+05
0.090736,0.033736,2.653496,1.85468152e-04,0.033551,2.646181,1.00092914e-04,3.441908e+05
0.090927,0.033763,2.654546,1.86070545e-04,0.033577,2.647215,1.00078148e-04,3.449685e+05
0.091118,0.033789,2.655582,1.86672163e-04,0.033603,2.648235,1.00063577e-04,3.457498e+05
0.091309,0.033815,2.656604,1.87273004e-04,0.033628,2.649242,1.00049203e-04,3.465346e+05
0.091500,0.033841,2.657613,1.87873063e-04,0.033653,2.650234,1.00035024e-04,3.473230e+05
0.091691,0.033866,2.658607,1.88472339e-04,0.033678,2.651212,1.00021040e-04,3.481150e+05
0.091882,0.033892,2.659588,1.89070825e-04,0.033703,2.652176,1.00007250e-04,3.489108e+05
0.092074,0.033916,2.660555,1.89668520e-04,0.033727,2.653127,9.99936532e-05,3.497102e+05
0.092265,0.033941,2.661508,1.90265420e-04,0.033751,2.654064,9.99802498e-05,3.505135e+05
0.092456,0.033965,2.662447,1.90861520e-04,0.033774,2.654987,9.99670390e-05,3.513205e+05
0.092647,0.033989,2.663373,1.91456817e-04,0.033797,2.655897,9.99540201e-05,3.521313e+05
0.092838,0.034012,2.664286,1.92051308e-04,0.033820,2.656792,9.99411927e-05,3.529460e+05
0.093029,0.034035,2.665184,1.92644989e-04,0.033843,2.657675,9.99285563e-05,3.537646e+05
0.093220,0.034058,2.666069,1.93237855e-04,0.033865,2.658543,9.99161104e-05,3.545872e+05
0.093411,0.034081,2.666941,1.93829905e-04,0.033887,2.659398,9.99038545e-05,3.554137e+05
0.093602,0.034103,2.667799,1.94421133e-04,0.033908,2.660240,9.98917881e-05,3.562443e+05
0.093793,0.034125,2.668644,1.95011536e-04,0.033930,2.661068,9.98799107e-05,3.570789e+05
0.093984,0.034146,2.669475,1.95601111e-04,0.033950,2.661882,9.98682218e-05,3.579176e+05
0.094175,0.034167,2.670293,1.96189854e-04,0.033971,2.662683,9.98567210e-05,3.587604e+05
0.094366,0.034188,2.671097,1.96777760e-04,0.033991,2.663471,9.98454079e-05,3.596074e+05
0.094557,0.034208,2.671888,1.97364827e-04,0.034011,2.664246,9.98342819e-05,3.604586e+05
0.094748,0.034229,2.672666,1.97951051e-04,0.034031,2.665007,9.98233428e-05,3.613140e+05
0.094939,0.034249,2.673431,1.98536427e-04,0.034050,2.665755,9.98125899e-05,3.621737e+05
0.095131,0.034268,2.674182,1.99120952e-04,0.034069,2.666489,9.98020230e-05,3.630378e+05
0.095322,0.034287,2.674921,1.99704623e-04,0.034088,2.667211,9.97916416e-05,3.639062e+05
0.095513,0.034306,2.675646,2.00287436e-04,0.034106,2.667919,9.97814452e-05,3.647790e+05
0.095704,0.034325,2.676358,2.00869386e-04,0.034124,2.668614,9.97714336e-05,3.656563e+05
0.095895,0.034343,2.677057,2.01450471e-04,0.034141,2.669295,9.97616063e-05,3.665380e+05
0.096086,0.034361,2.677742,2.02030685e-04,0.034159,2.669964,9.97519629e-05,3.674243e+05
0.096277,0.034378,2.678415,2.02610027e-04,0.034176,2.670620,9.97425031e-05,3.683151e+05
0.096468,0.034395,2.679075,2.03188491e-04,0.034192,2.671262,9.97332265e-05,3.692105e+05
0.096659,0.034412,2.679722,2.03766074e-04,0.034209,2.671892,9.97241327e-05,3.701106e+05
0.096850,0.034429,2.680355,2.04342772e-04,0.034225,2.672508,9.97152214e-05,3.710153e+05
0.097041,0.034445,2.680976,2.04918581e-04,0.034240,2.673112,9.97064923e-05,3.719248e+05
0.097232,0.034461,2.681584,2.05493498e-04,0.034256,2.673702,9.96979449e-05,3.728390e+05
0.097423,0.034477,2.682179,2.06067519e-04,0.034271,2.674280,9.96895791e-05,3.737581e+05
0.097614,0.034492,2.682761,2.06640639e-04,0.034285,2.674844,9.96813944e-05,3.746820e+05
0.097805,0.034507,2.683330,2.07212855e-04,0.034300,2.675396,9.96733906e-05,3.756108e+05
0.097996,0.034521,2.683886,2.07784163e-04,0.034314,2.675935,9.96655673e-05,3.765445e+05
0.098188,0.034536,2.684430,2.08354560e-04,0.034327,2.676461,9.96579243e-05,3.774832e+05
0.098379,0.034550,2.684961,2.08924040e-04,0.034341,2.676974,9.96504612e-05,3.784270e+05
0.098570,0.034563,2.685478,2.09492601e-04,0.034354,2.677474,9.96431779e-05,3.793758e+05
0.098761,0.034576,2.685984,2.10060239e-04,0.034366,2.677962,9.96360739e-05,3.803297e+05
0.098952,0.034589,2.686476,2.10626949e-04,0.034379,2.678436,9.96291490e-05,3.812888e+05
0.099143,0.034602,2.686956,2.11192728e-04,0.034391,2.678898,9.96224030e-05,3.822530e+05
0.099334,0.034614,2.687423,2.11757572e-04,0.034403,2.679347,9.96158357e-05,3.832226e+05
