x_m,r_m,Ma,P0_Pa,P_Pa,T_K,Re,Cf
0.000000,0.060000,0.039700,5000000.000,4995492.394,2999.658,7.233e+05,0.002712
0.000192,0.059668,0.040145,4999999.922,4995390.898,2999.651,7.274e+05,0.002709
0.000384,0.059335,0.040597,4999999.841,4995286.530,2999.643,7.314e+05,0.002705
0.000576,0.059003,0.041056,4999999.759,4995179.191,2999.635,7.355e+05,0.002701
0.000768,0.058670,0.041524,4999999.674,4995068.778,2999.626,7.397e+05,0.002697
0.000960,0.058338,0.041999,4999999.587,4994955.187,2999.618,7.439e+05,0.002693
0.001152,0.058005,0.042483,4999999.498,4994838.305,2999.609,7.482e+05,0.002690
0.001343,0.057673,0.042975,4999999.406,4994718.019,2999.600,7.525e+05,0.002686
0.001535,0.057341,0.043476,4999999.311,4994594.207,2999.590,7.569e+05,0.002682
0.001727,0.057008,0.043985,4999999.214,4994466.746,2999.581,7.613e+05,0.002678
0.001919,0.056676,0.044504,4999999.114,4994335.505,2999.571,7.657e+05,0.002674
0.002111,0.056343,0.045032,4999999.012,4994200.349,2999.560,7.703e+05,0.002670
0.002303,0.056011,0.045569,4999998.906,4994061.136,2999.550,7.748e+05,0.002666
0.002495,0.055678,0.046116,4999998.798,4993917.720,2999.539,7.795e+05,0.002662
0.002687,0.055346,0.046673,4999998.686,4993769.947,2999.528,7.841e+05,0.002658
0.002879,0.055014,0.047240,4999998.571,4993617.657,2999.516,7.889e+05,0.002654
0.003071,0.054681,0.047817,4999998.453,4993460.683,2999.504,7.937e+05,0.002650
0.003263,0.054349,0.048406,4999998.331,4993298.850,2999.492,7.985e+05,0.002646
0.003455,0.054016,0.049005,4999998.206,4993131.978,2999.479,8.034e+05,0.002642
0.003647,0.053684,0.049615,4999998.077,4992959.875,2999.466,8.084e+05,0.002638
0.003839,0.053352,0.050237,4999997.944,4992782.345,2999.453,8.135e+05,0.002634
0.004030,0.053019,0.050871,4999997.807,4992599.180,2999.439,8.186e+05,0.002630
0.004222,0.052687,0.051516,4999997.666,4992410.163,2999.425,8.237e+05,0.002626
0.004414,0.052354,0.052175,4999997.521,4992215.068,2999.410,8.290e+05,0.002621
0.004606,0.052022,0.052846,4999997.371,4992013.660,2999.395,8.343e+05,0.002617
0.004798,0.051689,0.053530,4999997.217,4991805.690,2999.379,8.396e+05,0.002613
0.004990,0.051357,0.054227,4999997.058,4991590.900,2999.363,8.450e+05,0.002609
0.005182,0.051025,0.054938,4999996.894,4991369.020,2999.346,8.506e+05,0.002605
0.005374,0.050692,0.055663,4999996.724,4991139.766,2999.328,8.561e+05,0.002600
0.005566,0.050360,0.056403,4999996.550,4990902.841,2999.310,8.618e+05,0.002596
0.005758,0.050027,0.057158,4999996.370,4990657.936,2999.292,8.675e+05,0.002592
0.005950,0.049695,0.057928,4999996.184,4990404.724,2999.273,8.733e+05,0.002588
0.006142,0.049362,0.058714,4999995.992,4990142.864,2999.253,8.792e+05,0.002583
0.006334,0.049030,0.059516,4999995.794,4989871.999,2999.232,8.852e+05,0.002579
0.006525,0.048698,0.060334,4999995.589,4989591.754,2999.211,8.912e+05,0.002574
0.006717,0.048365,0.061170,4999995.378,4989301.735,2999.189,8.973e+05,0.002570
0.006909,0.048033,0.062023,4999995.159,4989001.530,2999.166,9.035e+05,0.002566
0.007101,0.047700,0.062894,4999994.934,4988690.705,2999.143,9.098e+05,0.002561
0.007293,0.047368,0.063784,4999994.700,4988368.804,2999.118,9.162e+05,0.002557
0.007485,0.047035,0.064692,4999994.459,4988035.351,2999.093,9.227e+05,0.002552
0.007677,0.046703,0.065621,4999994.210,4987689.841,2999.067,9.293e+05,0.002548
0.007869,0.046371,0.066570,4999993.952,4987331.748,2999.039,9.359e+05,0.002543
0.008061,0.046038,0.067539,4999993.685,4986960.515,2999.011,9.427e+05,0.002539
0.008253,0.045706,0.068530,4999993.409,4986575.558,2998.982,9.495e+05,0.002534
0.008445,0.045373,0.069543,4999993.123,4986176.262,2998.952,9.565e+05,0.002529
0.008637,0.045041,0.070579,4999992.826,4985761.979,2998.920,9.635e+05,0.002525
0.008829,0.044708,0.071638,4999992.520,4985332.026,2998.888,9.707e+05,0.002520
0.009020,0.044376,0.072722,4999992.202,4984885.686,2998.854,9.780e+05,0.002515
0.009212,0.044044,0.073830,4999991.873,4984422.200,2998.819,9.854e+05,0.002511
0.009404,0.043711,0.074964,4999991.532,4983940.768,2998.782,9.929e+05,0.002506
0.009596,0.043379,0.076124,4999991.178,4983440.549,2998.744,1.000e+06,0.002501
0.009788,0.043046,0.077312,4999990.811,4982920.651,2998.704,1.008e+06,0.002496
0.009980,0.042714,0.078528,4999990.430,4982380.135,2998.663,1.016e+06,0.002491
0.010172,0.042382,0.079773,4999990.035,4981818.007,2998.621,1.024e+06,0.002487
0.010364,0.042049,0.081049,4999989.625,4981233.220,2998.576,1.032e+06,0.002482
0.010556,0.041717,0.082355,4999989.199,4980624.662,2998.530,1.040e+06,0.002477
0.010748,0.041384,0.083693,4999988.757,4979991.160,2998.482,1.049e+06,0.002472
0.010940,0.041052,0.085065,4999988.297,4979331.471,2998.432,1.057e+06,0.002467
0.011132,0.040719,0.086470,4999987.820,4978644.281,2998.380,1.066e+06,0.002462
0.011324,0.040387,0.087912,4999987.323,4977928.193,2998.325,1.075e+06,0.002457
0.011516,0.040055,0.089389,4999986.807,4977181.732,2998.268,1.084e+06,0.002452
0.011707,0.039722,0.090905,4999986.270,4976403.330,2998.209,1.093e+06,0.002447
0.011899,0.039390,0.092460,4999985.711,4975591.324,2998.147,1.102e+06,0.002441
0.012091,0.039057,0.094056,4999985.129,4974743.949,2998.083,1.111e+06,0.002436
0.012283,0.038725,0.095693,4999984.522,4973859.328,2998.016,1.121e+06,0.002431
0.012475,0.038392,0.097375,4999983.891,4972935.469,2997.945,1.130e+06,0.002426
0.012667,0.038060,0.099101,4999983.233,4971970.252,2997.872,1.140e+06,0.002421
0.012859,0.037728,0.100874,4999982.547,4970961.420,2997.795,1.150e+06,0.002415
0.013051,0.037395,0.102696,4999981.831,4969906.573,2997.715,1.161e+06,0.002410
0.013243,0.037063,0.104568,4999981.085,4968803.150,2997.631,1.171e+06,0.002405
0.013435,0.036730,0.106493,4999980.306,4967648.425,2997.543,1.182e+06,0.002399
0.013627,0.036398,0.108472,4999979.492,4966439.485,2997.451,1.192e+06,0.002394
0.013819,0.036065,0.110507,4999978.642,4965173.226,2997.354,1.203e+06,0.002388
0.014011,0.035733,0.112601,4999977.754,4963846.329,2997.253,1.215e+06,0.002383
0.014202,0.035401,0.114755,4999976.825,4962455.246,2997.147,1.226e+06,0.002377
0.014394,0.035068,0.116973,4999975.854,4960996.185,2997.036,1.238e+06,0.002372
0.014586,0.034736,0.119258,4999974.838,4959465.082,2996.919,1.249e+06,0.002366
0.014778,0.034403,0.121610,4999973.774,4957857.589,2996.797,1.261e+06,0.002360
0.014970,0.034071,0.124034,4999972.660,4956169.041,2996.668,1.274e+06,0.002355
0.015162,0.033738,0.126533,4999971.492,4954394.434,2996.532,1.286e+06,0.002349
0.015354,0.033406,0.129109,4999970.268,4952528.395,2996.390,1.299e+06,0.002343
0.015546,0.033074,0.131767,4999968.984,4950565.151,2996.240,1.312e+06,0.002337
0.015738,0.032741,0.134509,4999967.636,4948498.492,2996.082,1.326e+06,0.002331
0.015930,0.032409,0.137339,4999966.221,4946321.733,2995.916,1.339e+06,0.002325
0.016122,0.032076,0.140261,4999964.735,4944027.671,2995.740,1.353e+06,0.002319
0.016314,0.031744,0.143280,4999963.172,4941608.539,2995.555,1.367e+06,0.002313
0.016506,0.031412,0.146399,4999961.529,4939055.953,2995.360,1.382e+06,0.002307
0.016697,0.031079,0.149624,4999959.800,4936360.853,2995.153,1.396e+06,0.002301
0.016889,0.030747,0.152960,4999957.980,4933513.440,2994.935,1.411e+06,0.002295
0.017081,0.030414,0.156411,4999956.062,4930503.102,2994.705,1.427e+06,0.002289
0.017273,0.030082,0.159984,4999954.040,4927318.340,2994.460,1.443e+06,0.002282
0.017465,0.029749,0.163684,4999951.907,4923946.673,2994.202,1.459e+06,0.002276
0.017657,0.029417,0.167518,4999949.655,4920374.542,2993.927,1.475e+06,0.002270
0.017849,0.029085,0.171493,4999947.277,4916587.199,2993.636,1.492e+06,0.002263
0.018041,0.028752,0.175615,4999944.764,4912568.580,2993.327,1.509e+06,0.002257
0.018233,0.028420,0.179894,4999942.105,4908301.168,2992.999,1.527e+06,0.002250
0.018425,0.028087,0.184337,4999939.291,4903765.834,2992.650,1.545e+06,0.002244
0.018617,0.027755,0.188953,4999936.310,4898941.660,2992.278,1.564e+06,0.002237
0.018809,0.027422,0.193752,4999933.149,4893805.734,2991.882,1.583e+06,0.002230
0.019001,0.027090,0.198745,4999929.796,4888332.927,2991.459,1.602e+06,0.002223
0.019010,0.027074,0.198986,4999929.627,4888064.562,2991.439,1.603e+06,0.002223
0.019110,0.026903,0.201642,4999927.767,4885096.528,2991.209,1.613e+06,0.002220
0.019210,0.026735,0.204300,4999925.847,4882087.257,2990.977,1.623e+06,0.002216
0.019310,0.026570,0.206963,4999923.867,4879035.973,2990.741,1.633e+06,0.002213
0.019410,0.026409,0.209631,4999921.826,4875941.915,2990.501,1.643e+06,0.002209
0.019510,0.026250,0.212303,4999919.722,4872804.338,2990.258,1.653e+06,0.002206
0.019610,0.026094,0.214981,4999917.554,4869622.512,2990.012,1.663e+06,0.002203
0.019710,0.025940,0.217666,4999915.322,4866395.719,2989.762,1.673e+06,0.002199
0.019810,0.025790,0.220357,4999913.023,4863123.250,2989.508,1.683e+06,0.002196
0.019910,0.025641,0.223055,4999910.657,4859804.409,2989.250,1.693e+06,0.002193
0.020010,0.025496,0.225760,4999908.222,4856438.507,2988.989,1.702e+06,0.002190
0.020110,0.025352,0.228473,4999905.716,4853024.863,2988.723,1.712e+06,0.002187
0.020210,0.025211,0.231195,4999903.140,4849562.803,2988.454,1.721e+06,0.002184
0.020310,0.025072,0.233924,4999900.490,4846051.661,2988.181,1.731e+06,0.002181
0.020410,0.024935,0.236663,4999897.766,4842490.774,2987.904,1.740e+06,0.002178
0.020510,0.024800,0.239410,4999894.967,4838879.487,2987.623,1.750e+06,0.002175
0.020610,0.024667,0.242167,4999892.090,4835217.149,2987.337,1.759e+06,0.002172
0.020710,0.024536,0.244933,4999889.135,4831503.112,2987.047,1.769e+06,0.002169
0.020810,0.024407,0.247709,4999886.101,4827736.734,2986.753,1.778e+06,0.002166
0.020910,0.024280,0.250495,4999882.984,4823917.376,2986.455,1.787e+06,0.002163
0.021010,0.024155,0.253292,4999879.785,4820044.402,2986.152,1.797e+06,0.002161
0.021110,0.024031,0.256099,4999876.501,4816117.179,2985.845,1.806e+06,0.002158
0.021210,0.023910,0.258916,4999873.131,4812135.080,2985.534,1.815e+06,0.002155
0.021310,0.023789,0.261745,4999869.673,4808097.476,2985.217,1.824e+06,0.002152
0.021410,0.023671,0.264585,4999866.126,4804003.745,2984.897,1.833e+06,0.002150
0.021510,0.023554,0.267436,4999862.488,4799853.266,2984.571,1.843e+06,0.002147
0.021610,0.023438,0.270298,4999858.757,4795645.420,2984.241,1.852e+06,0.002144
0.021710,0.023324,0.273172,4999854.932,4791379.590,2983.906,1.861e+06,0.002142
0.021810,0.023212,0.276058,4999851.011,4787055.165,2983.566,1.870e+06,0.002139
0.021910,0.023101,0.278956,4999846.992,4782671.531,2983.221,1.879e+06,0.002137
0.022010,0.022991,0.281866,4999842.873,4778228.081,2982.871,1.888e+06,0.002134
0.022110,0.022883,0.284788,4999838.653,4773724.208,2982.516,1.896e+06,0.002132
0.022210,0.022776,0.287723,4999834.330,4769159.308,2982.156,1.905e+06,0.002129
0.022310,0.022671,0.290670,4999829.901,4764532.778,2981.791,1.914e+06,0.002127
0.022410,0.022567,0.293630,4999825.366,4759844.019,2981.420,1.923e+06,0.002124
0.022510,0.022464,0.296603,4999820.722,4755092.435,2981.044,1.932e+06,0.002122
0.022610,0.022362,0.299588,4999815.967,4750277.430,2980.663,1.941e+06,0.002119
0.022710,0.022262,0.302587,4999811.100,4745398.413,2980.277,1.949e+06,0.002117
0.022810,0.022163,0.305599,4999806.117,4740454.794,2979.885,1.958e+06,0.002115
0.022910,0.022065,0.308624,4999801.018,4735445.986,2979.487,1.967e+06,0.002112
0.023010,0.021968,0.311663,4999795.801,4730371.406,2979.084,1.975e+06,0.002110
0.023110,0.021872,0.314714,4999790.462,4725230.472,2978.676,1.984e+06,0.002108
0.023210,0.021778,0.317780,4999785.001,4720022.607,2978.261,1.993e+06,0.002105
0.023310,0.021684,0.320859,4999779.414,4714747.234,2977.841,2.001e+06,0.002103
0.023410,0.021592,0.323952,4999773.700,4709403.783,2977.415,2.010e+06,0.002101
0.023510,0.021501,0.327059,4999767.857,4703991.684,2976.983,2.018e+06,0.002099
0.023610,0.021411,0.330180,4999761.883,4698510.372,2976.545,2.027e+06,0.002096
0.023710,0.021322,0.333315,4999755.774,4692959.286,2976.101,2.035e+06,0.002094
0.023810,0.021234,0.336464,4999749.530,4687337.867,2975.651,2.044e+06,0.002092
0.023910,0.021146,0.339627,4999743.147,4681645.561,2975.195,2.052e+06,0.002090
0.024010,0.021060,0.342805,4999736.624,4675881.818,2974.733,2.061e+06,0.002088
0.024110,0.020975,0.345996,4999729.957,4670046.091,2974.264,2.069e+06,0.002086
0.024210,0.020891,0.349203,4999723.145,4664137.840,2973.789,2.077e+06,0.002084
0.024310,0.020808,0.352424,4999716.186,4658156.525,2973.308,2.086e+06,0.002081
0.024410,0.020726,0.355659,4999709.076,4652101.614,2972.820,2.094e+06,0.002079
0.024510,0.020644,0.358909,4999701.814,4645972.578,2972.325,2.102e+06,0.002077
0.024610,0.020564,0.362174,4999694.396,4639768.895,2971.824,2.110e+06,0.002075
0.024710,0.020484,0.365453,4999686.821,4633490.046,2971.317,2.119e+06,0.002073
0.024810,0.020406,0.368748,4999679.085,4627135.517,2970.802,2.127e+06,0.002071
0.024910,0.020328,0.372057,4999671.187,4620704.800,2970.281,2.135e+06,0.002069
0.025010,0.020251,0.375381,4999663.123,4614197.394,2969.753,2.143e+06,0.002067
0.025110,0.020175,0.378720,4999654.891,4607612.802,2969.218,2.151e+06,0.002065
0.025210,0.020100,0.382074,4999646.489,4600950.533,2968.676,2.159e+06,0.002064
0.025310,0.020026,0.385444,4999637.913,4594210.103,2968.127,2.167e+06,0.002062
0.025410,0.019952,0.388828,4999629.160,4587391.033,2967.571,2.175e+06,0.002060
0.025510,0.019880,0.392228,4999620.229,4580492.852,2967.008,2.183e+06,0.002058
0.025610,0.019808,0.395643,4999611.116,4573515.095,2966.437,2.191e+06,0.002056
0.025710,0.019737,0.399074,4999601.818,4566457.304,2965.859,2.199e+06,0.002054
0.025810,0.019666,0.402519,4999592.333,4559319.027,2965.274,2.207e+06,0.002052
0.025910,0.019597,0.405980,4999582.658,4552099.821,2964.681,2.214e+06,0.002051
0.026010,0.019528,0.409457,4999572.789,4544799.249,2964.081,2.222e+06,0.002049
0.026110,0.019460,0.412949,4999562.725,4537416.882,2963.473,2.230e+06,0.002047
0.026210,0.019393,0.416456,4999552.461,4529952.300,2962.858,2.238e+06,0.002045
0.026310,0.019327,0.419980,4999541.994,4522405.089,2962.235,2.245e+06,0.002043
0.026410,0.019261,0.423518,4999531.323,4514774.845,2961.604,2.253e+06,0.002042
0.026510,0.019196,0.427073,4999520.443,4507061.173,2960.965,2.261e+06,0.002040
0.026610,0.019132,0.430643,4999509.352,4499263.684,2960.318,2.268e+06,0.002038
0.026710,0.019068,0.434228,4999498.046,4491381.999,2959.664,2.276e+06,0.002037
0.026810,0.019005,0.437830,4999486.523,4483415.750,2959.001,2.283e+06,0.002035
0.026910,0.018943,0.441447,4999474.778,4475364.576,2958.330,2.291e+06,0.002033
0.027010,0.018882,0.445080,4999462.809,4467228.126,2957.651,2.298e+06,0.002032
0.027110,0.018821,0.448728,4999450.613,4459006.059,2956.964,2.306e+06,0.002030
0.027210,0.018761,0.452393,4999438.186,4450698.045,2956.269,2.313e+06,0.002028
0.027310,0.018702,0.456073,4999425.526,4442303.761,2955.565,2.320e+06,0.002027
0.027410,0.018643,0.459770,4999412.627,4433822.897,2954.852,2.328e+06,0.002025
0.027510,0.018585,0.463482,4999399.488,4425255.154,2954.132,2.335e+06,0.002024
0.027610,0.018528,0.467210,4999386.105,4416600.240,2953.402,2.342e+06,0.002022
0.027710,0.018471,0.470954,4999372.474,4407857.879,2952.664,2.349e+06,0.002020
0.027810,0.018415,0.474714,4999358.591,4399027.802,2951.918,2.356e+06,0.002019
0.027910,0.018360,0.478490,4999344.454,4390109.753,2951.162,2.364e+06,0.002017
0.028010,0.018305,0.482282,4999330.059,4381103.488,2950.398,2.371e+06,0.002016
0.028110,0.018251,0.486090,4999315.402,4372008.774,2949.625,2.378e+06,0.002014
0.028210,0.018197,0.489914,4999300.480,4362825.390,2948.843,2.385e+06,0.002013
0.028310,0.018145,0.493754,4999285.288,4353553.127,2948.051,2.392e+06,0.002011
0.028410,0.018092,0.497610,4999269.824,4344191.789,2947.251,2.398e+06,0.002010
0.028510,0.018041,0.501482,4999254.083,4334741.192,2946.442,2.405e+06,0.002009
0.028610,0.017990,0.505370,4999238.062,4325201.165,2945.623,2.412e+06,0.002007
0.028710,0.017939,0.509274,4999221.758,4315571.549,2944.795,2.419e+06,0.002006
0.028810,0.017889,0.513194,4999205.165,4305852.200,2943.958,2.426e+06,0.002004
0.028910,0.017840,0.517131,4999188.281,4296042.986,2943.111,2.432e+06,0.002003
0.029010,0.017792,0.521083,4999171.101,4286143.788,2942.255,2.439e+06,0.002002
0.029110,0.017744,0.525052,4999153.623,4276154.502,2941.390,2.445e+06,0.002000
0.029210,0.017696,0.529036,4999135.841,4266075.037,2940.514,2.452e+06,0.001999
0.029310,0.017649,0.533037,4999117.752,4255905.316,2939.629,2.459e+06,0.001998
0.029410,0.017603,0.537054,4999099.351,4245645.276,2938.735,2.465e+06,0.001996
0.029510,0.017557,0.541087,4999080.636,4235294.870,2937.830,2.471e+06,0.001995
0.029610,0.017512,0.545136,4999061.601,4224854.064,2936.916,2.478e+06,0.001994
0.029710,0.017468,0.549201,4999042.244,4214322.838,2935.992,2.484e+06,0.001992
0.029810,0.017424,0.553282,4999022.559,4203701.190,2935.058,2.490e+06,0.001991
0.029910,0.017380,0.557379,4999002.542,4192989.129,2934.113,2.497e+06,0.001990
0.030010,0.017337,0.561493,4998982.190,4182186.682,2933.159,2.503e+06,0.001989
0.030110,0.017295,0.565622,4998961.498,4171293.891,2932.195,2.509e+06,0.001988
0.030210,0.017253,0.569768,4998940.463,4160310.811,2931.220,2.515e+06,0.001986
0.030310,0.017212,0.573929,4998919.079,4149237.517,2930.235,2.521e+06,0.001985
0.030410,0.017171,0.578107,4998897.343,4138074.097,2929.240,2.527e+06,0.001984
0.030510,0.017131,0.582301,4998875.250,4126820.653,2928.234,2.533e+06,0.001983
0.030610,0.017092,0.586510,4998852.796,4115477.308,2927.218,2.539e+06,0.001982
0.030710,0.017053,0.590736,4998829.977,4104044.198,2926.191,2.544e+06,0.001981
0.030810,0.017014,0.594978,4998806.788,4092521.474,2925.154,2.550e+06,0.001979
0.030910,0.016976,0.599236,4998783.225,4080909.307,2924.106,2.556e+06,0.001978
0.031010,0.016939,0.603509,4998759.283,4069207.882,2923.048,2.562e+06,0.001977
0.031110,0.016902,0.607799,4998734.959,4057417.402,2921.978,2.567e+06,0.001976
0.031210,0.016865,0.612105,4998710.247,4045538.084,2920.898,2.573e+06,0.001975
0.031310,0.016829,0.616426,4998685.143,4033570.166,2919.807,2.578e+06,0.001974
0.031410,0.016794,0.620764,4998659.643,4021513.899,2918.705,2.584e+06,0.001973
0.031510,0.016759,0.625117,4998633.742,4009369.554,2917.593,2.589e+06,0.001972
0.031610,0.016725,0.629486,4998607.436,3997137.417,2916.469,2.594e+06,0.001971
0.031710,0.016691,0.633871,4998580.720,3984817.792,2915.334,2.599e+06,0.001970
0.031810,0.016657,0.638272,4998553.588,3972411.000,2914.188,2.605e+06,0.001969
0.031910,0.016624,0.642689,4998526.038,3959917.380,2913.031,2.610e+06,0.001968
0.032010,0.016592,0.647122,4998498.064,3947337.286,2911.862,2.615e+06,0.001967
0.032110,0.016560,0.651570,4998469.661,3934671.093,2910.683,2.620e+06,0.001966
0.032210,0.016529,0.656034,4998440.825,3921919.190,2909.492,2.625e+06,0.001965
0.032310,0.016498,0.660514,4998411.551,3909081.986,2908.289,2.630e+06,0.001964
0.032410,0.016468,0.665009,4998381.834,3896159.905,2907.076,2.635e+06,0.001963
0.032510,0.016438,0.669520,4998351.670,3883153.391,2905.850,2.639e+06,0.001962
0.032610,0.016408,0.674047,4998321.054,3870062.904,2904.613,2.644e+06,0.001962
0.032710,0.016379,0.678589,4998289.981,3856888.921,2903.365,2.649e+06,0.001961
0.032810,0.016351,0.683147,4998258.446,3843631.938,2902.105,2.653e+06,0.001960
0.032910,0.016323,0.687721,4998226.445,3830292.468,2900.833,2.658e+06,0.001959
0.033010,0.016296,0.692310,4998193.972,3816871.042,2899.550,2.662e+06,0.001958
0.033110,0.016269,0.696914,4998161.022,3803368.206,2898.255,2.667e+06,0.001957
0.033210,0.016242,0.701534,4998127.592,3789784.528,2896.948,2.671e+06,0.001957
0.033310,0.016216,0.706170,4998093.676,3776120.588,2895.629,2.675e+06,0.001956
0.033410,0.016190,0.710821,4998059.269,3762376.988,2894.298,2.679e+06,0.001955
0.033510,0.016165,0.715487,4998024.366,3748554.344,2892.956,2.684e+06,0.001954
0.033610,0.016141,0.720168,4997988.962,3734653.292,2891.601,2.688e+06,0.001954
0.033710,0.016117,0.724865,4997953.053,3720674.484,2890.234,2.692e+06,0.001953
0.033810,0.016093,0.729577,4997916.633,3706618.588,2888.856,2.696e+06,0.001952
0.033910,0.016070,0.734304,4997879.698,3692486.292,2887.465,2.700e+06,0.001951
0.034010,0.016047,0.739047,4997842.242,3678278.297,2886.062,2.703e+06,0.001951
0.034110,0.016025,0.743804,4997804.260,3663995.325,2884.647,2.707e+06,0.001950
0.034210,0.016003,0.748577,4997765.749,3649638.111,2883.220,2.711e+06,0.001949
0.034310,0.015982,0.753365,4997726.701,3635207.411,2881.780,2.714e+06,0.001949
0.034410,0.015961,0.758168,4997687.113,3620703.993,2880.328,2.718e+06,0.001948
0.034510,0.015940,0.762985,4997646.980,3606128.645,2878.864,2.721e+06,0.001948
0.034610,0.015920,0.767818,4997606.296,3591482.170,2877.388,2.725e+06,0.001947
0.034710,0.015901,0.772666,4997565.057,3576765.386,2875.899,2.728e+06,0.001946
0.034810,0.015882,0.777528,4997523.257,3561979.129,2874.398,2.731e+06,0.001946
0.034910,0.015863,0.782405,4997480.892,3547124.250,2872.884,2.734e+06,0.001945
0.035010,0.015845,0.787297,4997437.955,3532201.616,2871.358,2.738e+06,0.001945
0.035110,0.015827,0.792204,4997394.444,3517212.110,2869.819,2.741e+06,0.001944
0.035210,0.015810,0.797126,4997350.351,3502156.628,2868.268,2.744e+06,0.001944
0.035310,0.015793,0.802062,4997305.673,3487036.085,2866.704,2.747e+06,0.001943
0.035410,0.015777,0.807012,4997260.403,3471851.409,2865.128,2.749e+06,0.001943
0.035510,0.015761,0.811978,4997214.538,3456603.542,2863.539,2.752e+06,0.001942
0.035610,0.015745,0.816957,4997168.072,3441293.443,2861.937,2.755e+06,0.001942
0.035710,0.015730,0.821952,4997121.000,3425922.082,2860.323,2.757e+06,0.001941
0.035810,0.015716,0.826960,4997073.317,3410490.447,2858.696,2.760e+06,0.001941
0.035910,0.015702,0.831983,4997025.017,3394999.538,2857.056,2.762e+06,0.001940
0.036010,0.015688,0.837021,4996976.097,3379450.369,2855.403,2.765e+06,0.001940
0.036110,0.015675,0.842072,4996926.550,3363843.968,2853.738,2.767e+06,0.001939
0.036210,0.015662,0.847138,4996876.372,3348181.375,2852.060,2.769e+06,0.001939
0.036310,0.015649,0.852218,4996825.558,3332463.645,2850.369,2.771e+06,0.001939
0.036410,0.015638,0.857312,4996774.102,3316691.844,2848.666,2.774e+06,0.001938
0.036510,0.015626,0.862420,4996722.000,3300867.052,2846.949,2.776e+06,0.001938
0.036610,0.015615,0.867542,4996669.247,3284990.360,2845.220,2.777e+06,0.001938
0.036710,0.015604,0.872679,4996615.837,3269062.873,2843.477,2.779e+06,0.001937
0.036810,0.015594,0.877829,4996561.766,3253085.705,2841.722,2.781e+06,0.001937
0.036910,0.015584,0.882993,4996507.029,3237059.983,2839.954,2.783e+06,0.001937
0.037010,0.015575,0.888170,4996451.620,3220986.846,2838.173,2.784e+06,0.001936
0.037110,0.015566,0.893362,4996395.534,3204867.442,2836.380,2.786e+06,0.001936
0.037210,0.015558,0.898567,4996338.768,3188702.930,2834.573,2.787e+06,0.001936
0.037310,0.015550,0.903786,4996281.315,3172494.481,2832.753,2.789e+06,0.001936
0.037410,0.015542,0.909018,4996223.171,3156243.274,2830.920,2.790e+06,0.001935
0.037510,0.015535,0.914264,4996164.330,3139950.499,2829.075,2.791e+06,0.001935
0.037610,0.015529,0.919524,4996104.789,3123617.353,2827.216,2.793e+06,0.001935
0.037710,0.015522,0.924797,4996044.542,3107245.045,2825.344,2.794e+06,0.001935
0.037810,0.015516,0.930083,4995983.584,3090834.790,2823.460,2.795e+06,0.001935
0.037910,0.015511,0.935383,4995921.910,3074387.815,2821.562,2.796e+06,0.001934
0.038010,0.015506,0.940696,4995859.516,3057905.350,2819.652,2.797e+06,0.001934
0.038110,0.015502,0.946022,4995796.396,3041388.637,2817.728,2.797e+06,0.001934
0.038210,0.015497,0.951362,4995732.546,3024838.924,2815.791,2.798e+06,0.001934
0.038310,0.015494,0.956714,4995667.962,3008257.464,2813.842,2.799e+06,0.001934
0.038410,0.015491,0.962080,4995602.637,2991645.520,2811.879,2.799e+06,0.001934
0.038510,0.015488,0.967458,4995536.568,2975004.358,2809.903,2.800e+06,0.001934
0.038610,0.015485,0.972850,4995469.750,2958335.253,2807.915,2.800e+06,0.001934
0.038710,0.015483,0.978254,4995402.178,2941639.483,2805.913,2.800e+06,0.001934
0.038810,0.015482,0.983672,4995333.848,2924918.333,2803.898,2.801e+06,0.001934
0.038910,0.015481,0.989102,4995264.754,2908173.091,2801.871,2.801e+06,0.001934
0.039010,0.015480,0.994544,4995194.893,2891405.052,2799.830,2.801e+06,0.001934
0.039110,0.015480,1.000000,4995124.258,2874615.422,2797.777,2.801e+06,0.001934
0.039110,0.015480,1.000000,4995123.544,2874615.011,2797.777,2.801e+06,0.001934
0.039142,0.015480,1.003466,4995100.158,2863969.556,2796.468,2.801e+06,0.001934
0.039175,0.015480,1.006938,4995076.610,2853316.346,2795.153,2.801e+06,0.001934
0.039208,0.015481,1.010414,4995052.901,2842655.940,2793.834,2.801e+06,0.001934
0.039241,0.015481,1.013895,4995029.030,2831988.807,2792.509,2.801e+06,0.001934
0.039273,0.015482,1.017381,4995004.998,2821315.415,2791.179,2.800e+06,0.001934
0.039306,0.015483,1.020872,4994980.805,2810636.233,2789.844,2.800e+06,0.001934
0.039339,0.015484,1.024367,4994956.451,2799951.731,2788.504,2.800e+06,0.001934
0.039372,0.015486,1.027868,4994931.936,2789262.379,2787.159,2.800e+06,0.001934
0.039404,0.015487,1.031372,4994907.261,2778568.648,2785.809,2.799e+06,0.001934
0.039437,0.015489,1.034882,4994882.425,2767871.009,2784.454,2.799e+06,0.001934
0.039470,0.015490,1.038396,4994857.428,2757169.933,2783.094,2.799e+06,0.001934
0.039502,0.015492,1.041914,4994832.272,2746465.891,2781.729,2.798e+06,0.001934
0.039535,0.015495,1.045436,4994806.956,2735759.355,2780.358,2.798e+06,0.001934
0.039568,0.015497,1.048963,4994781.481,2725050.795,2778.983,2.798e+06,0.001934
0.039600,0.015499,1.052495,4994755.846,2714340.682,2777.603,2.797e+06,0.001934
0.039633,0.015502,1.056030,4994730.053,2703629.488,2776.218,2.797e+06,0.001934
0.039666,0.015505,1.059570,4994704.101,2692917.683,2774.828,2.796e+06,0.001934
0.039698,0.015508,1.063113,4994677.992,2682205.737,2773.434,2.796e+06,0.001934
0.039731,0.015511,1.066661,4994651.724,2671494.119,2772.034,2.795e+06,0.001935
0.039763,0.015515,1.070212,4994625.299,2660783.299,2770.630,2.794e+06,0.001935
0.039796,0.015518,1.073768,4994598.717,2650073.745,2769.221,2.794e+06,0.001935
0.039829,0.015522,1.077327,4994571.979,2639365.925,2767.807,2.793e+06,0.001935
0.039861,0.015526,1.080890,4994545.085,2628660.306,2766.388,2.792e+06,0.001935
0.039894,0.015530,1.084456,4994518.035,2617957.354,2764.965,2.792e+06,0.001935
0.039926,0.015534,1.088027,4994490.831,2607257.533,2763.537,2.791e+06,0.001935
0.039958,0.015538,1.091601,4994463.472,2596561.308,2762.105,2.790e+06,0.001935
0.039991,0.015543,1.095178,4994435.959,2585869.142,2760.667,2.789e+06,0.001936
0.040023,0.015548,1.098759,4994408.292,2575181.496,2759.226,2.788e+06,0.001936
0.040056,0.015553,1.102343,4994380.473,2564498.831,2757.779,2.787e+06,0.001936
0.040088,0.015558,1.105930,4994352.502,2553821.606,2756.328,2.786e+06,0.001936
0.040120,0.015563,1.109521,4994324.379,2543150.277,2754.873,2.785e+06,0.001936
0.040153,0.015568,1.113115,4994296.105,2532485.302,2753.413,2.784e+06,0.001936
0.040185,0.015574,1.116712,4994267.681,2521827.135,2751.949,2.783e+06,0.001937
0.040217,0.015580,1.120312,4994239.108,2511176.228,2750.480,2.782e+06,0.001937
0.040249,0.015586,1.123916,4994210.386,2500533.033,2749.007,2.781e+06,0.001937
0.040282,0.015592,1.127522,4994181.516,2489897.998,2747.530,2.780e+06,0.001937
0.040314,0.015598,1.131131,4994152.498,2479271.571,2746.048,2.779e+06,0.001937
0.040346,0.015605,1.134742,4994123.334,2468654.197,2744.562,2.778e+06,0.001938
0.040378,0.015611,1.138357,4994094.024,2458046.319,2743.071,2.777e+06,0.001938
0.040410,0.015618,1.141974,4994064.570,2447448.379,2741.577,2.775e+06,0.001938
0.040442,0.015625,1.145594,4994034.971,2436860.815,2740.078,2.774e+06,0.001938
0.040474,0.015632,1.149216,4994005.229,2426284.065,2738.575,2.773e+06,0.001938
0.040506,0.015639,1.152841,4993975.345,2415718.562,2737.068,2.772e+06,0.001939
0.040538,0.015647,1.156468,4993945.319,2405164.738,2735.557,2.770e+06,0.001939
0.040570,0.015655,1.160098,4993915.153,2394623.024,2734.042,2.769e+06,0.001939
0.040601,0.015662,1.163730,4993884.848,2384093.845,2732.523,2.768e+06,0.001939
0.040633,0.015670,1.167364,4993854.404,2373577.627,2731.000,2.766e+06,0.001940
0.040665,0.015678,1.171001,4993823.822,2363074.790,2729.473,2.765e+06,0.001940
0.040696,0.015687,1.174639,4993793.104,2352585.755,2727.942,2.763e+06,0.001940
0.040728,0.015695,1.178279,4993762.251,2342110.937,2726.407,2.762e+06,0.001940
0.040760,0.015704,1.181922,4993731.263,2331650.750,2724.868,2.760e+06,0.001941
0.040791,0.015713,1.185566,4993700.141,2321205.604,2723.325,2.759e+06,0.001941
0.040823,0.015722,1.189213,4993668.888,2310775.907,2721.779,2.757e+06,0.001941
0.040854,0.015731,1.192861,4993637.503,2300362.063,2720.229,2.755e+06,0.001941
0.040886,0.015740,1.196510,4993605.989,2289964.473,2718.675,2.754e+06,0.001942
0.040917,0.015750,1.200162,4993574.345,2279583.537,2717.117,2.752e+06,0.001942
0.040948,0.015759,1.203815,4993542.574,2269219.648,2715.556,2.750e+06,0.001942
0.040979,0.015769,1.207469,4993510.677,2258873.200,2713.991,2.749e+06,0.001943
0.041011,0.015779,1.211125,4993478.655,2248544.580,2712.423,2.747e+06,0.001943
0.041042,0.015789,1.214783,4993446.508,2238234.174,2710.851,2.745e+06,0.001943
0.041073,0.015799,1.218441,4993414.239,2227942.364,2709.276,2.743e+06,0.001944
0.041104,0.015810,1.222101,4993381.849,2217669.527,2707.697,2.741e+06,0.001944
0.041135,0.015821,1.225762,4993349.339,2207416.040,2706.115,2.740e+06,0.001944
0.041166,0.015831,1.229425,4993316.710,2197182.274,2704.530,2.738e+06,0.001945
0.041197,0.015842,1.233088,4993283.964,2186968.595,2702.941,2.736e+06,0.001945
0.041227,0.015853,1.236753,4993251.102,2176775.369,2701.348,2.734e+06,0.001945
0.041258,0.015865,1.240418,4993218.125,2166602.957,2699.753,2.732e+06,0.001946
0.041289,0.015876,1.244084,4993185.035,2156451.714,2698.154,2.730e+06,0.001946
0.041320,0.015888,1.247751,4993151.834,2146321.994,2696.553,2.728e+06,0.001946
0.041350,0.015900,1.251419,4993118.522,2136214.147,2694.948,2.726e+06,0.001947
0.041381,0.015911,1.255088,4993085.102,2126128.518,2693.340,2.724e+06,0.001947
0.041411,0.015924,1.258757,4993051.575,2116065.448,2691.728,2.722e+06,0.001947
0.041441,0.015936,1.262427,4993017.941,2106025.276,2690.114,2.720e+06,0.001948
0.041472,0.015948,1.266097,4992984.204,2096008.335,2688.497,2.717e+06,0.001948
0.041502,0.015961,1.269768,4992950.365,2086014.955,2686.877,2.715e+06,0.001949
0.041532,0.015974,1.273439,4992916.424,2076045.462,2685.254,2.713e+06,0.001949
0.041562,0.015986,1.277110,4992882.384,2066100.178,2683.628,2.711e+06,0.001949
0.041592,0.015999,1.280782,4992848.246,2056179.421,2682.000,2.709e+06,0.001950
0.041622,0.016013,1.284454,4992814.012,2046283.504,2680.368,2.706e+06,0.001950
0.041652,0.016026,1.288126,4992779.684,2036412.738,2678.734,2.704e+06,0.001951
0.041682,0.016040,1.291798,4992745.263,2026567.428,2677.097,2.702e+06,0.001951
0.041712,0.016053,1.295470,4992710.752,2016747.875,2675.458,2.700e+06,0.001951
0.041741,0.016067,1.299142,4992676.151,2006954.376,2673.816,2.697e+06,0.001952
0.041771,0.016081,1.302813,4992641.462,1997187.225,2672.171,2.695e+06,0.001952
0.041801,0.016095,1.306485,4992606.688,1987446.711,2670.524,2.692e+06,0.001953
0.041830,0.016110,1.310157,4992571.829,1977733.118,2668.874,2.690e+06,0.001953
0.041859,0.016124,1.313828,4992536.889,1968046.726,2667.222,2.688e+06,0.001954
0.041889,0.016139,1.317498,4992501.868,1958387.812,2665.568,2.685e+06,0.001954
0.041918,0.016153,1.321169,4992466.769,1948756.647,2663.911,2.683e+06,0.001955
0.041947,0.016168,1.324839,4992431.593,1939153.499,2662.252,2.680e+06,0.001955
0.041976,0.016183,1.328508,4992396.342,1929578.632,2660.590,2.678e+06,0.001955
0.042005,0.016199,1.332177,4992361.018,1920032.304,2658.926,2.675e+06,0.001956
0.042034,0.016214,1.335844,4992325.624,1910514.769,2657.260,2.673e+06,0.001956
0.042063,0.016230,1.339512,4992290.160,1901026.279,2655.592,2.670e+06,0.001957
0.042092,0.016245,1.343178,4992254.630,1891567.079,2653.922,2.667e+06,0.001957
0.042120,0.016261,1.346844,4992219.034,1882137.411,2652.250,2.665e+06,0.001958
0.042149,0.016277,1.350508,4992183.375,1872737.512,2650.576,2.662e+06,0.001958
0.042177,0.016293,1.354172,4992147.655,1863367.615,2648.899,2.659e+06,0.001959
0.042206,0.016310,1.357835,4992111.876,1854027.949,2647.221,2.657e+06,0.001959
0.042206,0.016310,1.357835,4992110.611,1854027.479,2647.221,2.657e+06,0.001959
0.042397,0.016420,1.381732,4991868.825,1793771.439,2636.213,2.639e+06,0.001963
0.042588,0.016530,1.404250,4991619.723,1738085.845,2625.751,2.621e+06,0.001966
0.042779,0.016639,1.425595,4991363.729,1686299.824,2615.756,2.604e+06,0.001969
0.042970,0.016748,1.445922,4991101.207,1637894.370,2606.168,2.587e+06,0.001972
0.043161,0.016857,1.465357,4990832.476,1592457.410,2596.942,2.570e+06,0.001976
0.043352,0.016966,1.483999,4990557.822,1549654.763,2588.039,2.553e+06,0.001979
0.043543,0.017074,1.501931,4990277.500,1509210.587,2579.427,2.537e+06,0.001982
0.043734,0.017182,1.519219,4989991.739,1470893.774,2571.081,2.521e+06,0.001985
0.043925,0.017289,1.535923,4989700.753,1434508.211,2562.979,2.505e+06,0.001988
0.044116,0.017396,1.552091,4989404.733,1399885.636,2555.101,2.489e+06,0.001991
0.044307,0.017503,1.567765,4989103.861,1366880.291,2547.433,2.474e+06,0.001994
0.044498,0.017610,1.582983,4988798.301,1335364.842,2539.958,2.459e+06,0.001998
0.044690,0.017716,1.597776,4988488.210,1305227.213,2532.666,2.444e+06,0.002001
0.044881,0.017822,1.612172,4988173.733,1276368.103,2525.544,2.429e+06,0.002004
0.045072,0.017927,1.626198,4987855.006,1248699.001,2518.583,2.415e+06,0.002007
0.045263,0.018033,1.639876,4987532.157,1222140.588,2511.774,2.401e+06,0.002010
0.045454,0.018137,1.653226,4987205.308,1196621.442,2505.109,2.387e+06,0.002012
0.045645,0.018242,1.666266,4986874.575,1172076.961,2498.581,2.373e+06,0.002015
0.045836,0.018346,1.679013,4986540.066,1148448.482,2492.184,2.359e+06,0.002018
0.046027,0.018450,1.691482,4986201.884,1125682.534,2485.911,2.346e+06,0.002021
0.046218,0.018554,1.703686,4985860.130,1103730.216,2479.757,2.332e+06,0.002024
0.046409,0.018657,1.715639,4985514.896,1082546.670,2473.716,2.319e+06,0.002027
0.046600,0.018760,1.727352,4985166.273,1062090.620,2467.785,2.307e+06,0.002030
0.046791,0.018862,1.738836,4984814.348,1042323.994,2461.958,2.294e+06,0.002033
0.046982,0.018965,1.750100,4984459.203,1023211.581,2456.232,2.281e+06,0.002035
0.047173,0.019067,1.761153,4984100.916,1004720.747,2450.604,2.269e+06,0.002038
0.047364,0.019168,1.772005,4983739.565,986821.176,2445.068,2.257e+06,0.002041
0.047556,0.019270,1.782663,4983375.223,969484.652,2439.624,2.245e+06,0.002044
0.047747,0.019371,1.793135,4983007.959,952684.864,2434.266,2.233e+06,0.002046
0.047938,0.019471,1.803427,4982637.841,936397.231,2428.993,2.221e+06,0.002049
0.048129,0.019571,1.813546,4982264.936,920598.753,2423.801,2.210e+06,0.002052
0.048320,0.019671,1.823498,4981889.306,905267.876,2418.689,2.198e+06,0.002054
0.048511,0.019771,1.833289,4981511.011,890384.368,2413.653,2.187e+06,0.002057
0.048702,0.019870,1.842924,4981130.112,875929.214,2408.691,2.176e+06,0.002060
0.048893,0.019969,1.852408,4980746.664,861884.519,2403.802,2.165e+06,0.002062
0.049084,0.020068,1.861746,4980360.722,848233.418,2398.984,2.154e+06,0.002065
0.049275,0.020166,1.870942,4979972.341,834960.001,2394.233,2.143e+06,0.002067
0.049466,0.020264,1.880002,4979581.571,822049.243,2389.549,2.133e+06,0.002070
0.049657,0.020362,1.888928,4979188.463,809486.933,2384.930,2.123e+06,0.002072
0.049848,0.020459,1.897725,4978793.065,797259.623,2380.373,2.112e+06,0.002075
0.050039,0.020556,1.906397,4978395.425,785354.571,2375.878,2.102e+06,0.002077
0.050230,0.020653,1.914947,4977995.587,773759.694,2371.443,2.092e+06,0.002080
0.050421,0.020749,1.923378,4977593.596,762463.522,2367.066,2.082e+06,0.002082
0.050613,0.020845,1.931694,4977189.496,751455.160,2362.747,2.072e+06,0.002085
0.050804,0.020941,1.939897,4976783.327,740724.247,2358.483,2.063e+06,0.002087
0.050995,0.021036,1.947990,4976375.132,730260.925,2354.273,2.053e+06,0.002090
0.051186,0.021132,1.955977,4975964.949,720055.809,2350.117,2.044e+06,0.002092
0.051377,0.021226,1.963860,4975552.817,710099.951,2346.012,2.035e+06,0.002094
0.051568,0.021321,1.971641,4975138.773,700384.821,2341.958,2.025e+06,0.002097
0.051759,0.021415,1.979323,4974722.854,690902.279,2337.955,2.016e+06,0.002099
0.051950,0.021508,1.986908,4974305.096,681644.551,2333.999,2.007e+06,0.002101
0.052141,0.021602,1.994399,4973885.533,672604.210,2330.092,1.999e+06,0.002104
0.052332,0.021695,2.001797,4973464.198,663774.154,2326.231,1.990e+06,0.002106
0.052523,0.021788,2.009105,4973041.125,655147.589,2322.415,1.981e+06,0.002108
0.052714,0.021880,2.016325,4972616.347,646718.014,2318.645,1.973e+06,0.002111
0.052905,0.021972,2.023458,4972189.893,638479.200,2314.918,1.964e+06,0.002113
0.053096,0.022064,2.030507,4971761.794,630425.181,2311.235,1.956e+06,0.002115
0.053287,0.022155,2.037473,4971332.082,622550.234,2307.593,1.948e+06,0.002117
0.053479,0.022246,2.044357,4970900.783,614848.873,2303.993,1.939e+06,0.002120
0.053670,0.022337,2.051163,4970467.928,607315.832,2300.434,1.931e+06,0.002122
0.053861,0.022428,2.057890,4970033.542,599946.054,2296.915,1.923e+06,0.002124
0.054052,0.022518,2.064542,4969597.655,592734.682,2293.435,1.916e+06,0.002126
0.054243,0.022608,2.071118,4969160.292,585677.050,2289.993,1.908e+06,0.002128
0.054434,0.022697,2.077622,4968721.478,578768.671,2286.589,1.900e+06,0.002130
0.054625,0.022786,2.084053,4968281.240,572005.230,2283.223,1.893e+06,0.002133
0.054816,0.022875,2.090414,4967839.601,565382.574,2279.892,1.885e+06,0.002135
0.055007,0.022963,2.096705,4967396.586,558896.707,2276.598,1.878e+06,0.002137
0.055198,0.023052,2.102929,4966952.219,552543.780,2273.339,1.870e+06,0.002139
0.055389,0.023139,2.109086,4966506.523,546320.087,2270.115,1.863e+06,0.002141
0.055580,0.023227,2.115177,4966059.520,540222.053,2266.924,1.856e+06,0.002143
0.055771,0.023314,2.121204,4965611.232,534246.237,2263.768,1.849e+06,0.002145
0.055962,0.023401,2.127167,4965161.682,528389.316,2260.644,1.842e+06,0.002147
0.056153,0.023487,2.133068,4964710.889,522648.087,2257.552,1.835e+06,0.002149
0.056344,0.023574,2.138908,4964258.875,517019.458,2254.493,1.828e+06,0.002151
0.056536,0.023659,2.144688,4963805.661,511500.447,2251.465,1.821e+06,0.002153
0.056727,0.023745,2.150409,4963351.265,506088.170,2248.468,1.814e+06,0.002155
0.056918,0.023830,2.156071,4962895.709,500779.845,2245.502,1.808e+06,0.002157
0.057109,0.023915,2.161677,4962439.009,495572.783,2242.566,1.801e+06,0.002159
0.057300,0.023999,2.167226,4961981.186,490464.384,2239.659,1.795e+06,0.002161
0.057491,0.024084,2.172719,4961522.258,485452.137,2236.781,1.788e+06,0.002163
0.057682,0.024168,2.178158,4961062.242,480533.612,2233.932,1.782e+06,0.002165
0.057873,0.024251,2.183543,4960601.156,475706.457,2231.112,1.775e+06,0.002167
0.058064,0.024334,2.188876,4960139.017,470968.401,2228.319,1.769e+06,0.002169
0.058255,0.024417,2.194156,4959675.842,466317.240,2225.554,1.763e+06,0.002171
0.058446,0.024500,2.199385,4959211.649,461750.846,2222.815,1.757e+06,0.002173
0.058637,0.024582,2.204563,4958746.452,457267.154,2220.104,1.751e+06,0.002175
0.058828,0.024664,2.209691,4958280.268,452864.167,2217.419,1.745e+06,0.002176
0.059019,0.024745,2.214771,4957813.113,448539.948,2214.760,1.739e+06,0.002178
0.059210,0.024827,2.219801,4957345.002,444292.622,2212.126,1.733e+06,0.002180
0.059401,0.024908,2.224784,4956875.949,440120.371,2209.518,1.727e+06,0.002182
0.059593,0.024988,2.229721,4956405.971,436021.431,2206.935,1.722e+06,0.002184
0.059784,0.025069,2.234610,4955935.080,431994.093,2204.376,1.716e+06,0.002185
0.059975,0.025148,2.239454,4955463.292,428036.699,2201.842,1.710e+06,0.002187
0.060166,0.025228,2.244253,4954990.620,424147.641,2199.332,1.705e+06,0.002189
0.060357,0.025307,2.249007,4954517.078,420325.357,2196.845,1.699e+06,0.002191
0.060548,0.025386,2.253717,4954042.679,416568.333,2194.382,1.694e+06,0.002193
0.060739,0.025465,2.258383,4953567.437,412875.098,2191.942,1.688e+06,0.002194
0.060930,0.025543,2.263007,4953091.365,409244.224,2189.524,1.683e+06,0.002196
0.061121,0.025621,2.267589,4952614.475,405674.325,2187.129,1.678e+06,0.002198
0.061312,0.025699,2.272129,4952136.780,402164.053,2184.756,1.673e+06,0.002200
0.061503,0.025776,2.276628,4951658.292,398712.100,2182.406,1.667e+06,0.002201
0.061694,0.025853,2.281086,4951179.023,395317.194,2180.077,1.662e+06,0.002203
0.061885,0.025930,2.285503,4950698.985,391978.099,2177.769,1.657e+06,0.002205
0.062076,0.026006,2.289882,4950218.190,388693.614,2175.482,1.652e+06,0.002206
0.062267,0.026082,2.294221,4949736.648,385462.570,2173.217,1.647e+06,0.002208
0.062459,0.026158,2.298521,4949254.372,382283.832,2170.972,1.642e+06,0.002210
0.062650,0.026233,2.302783,4948771.373,379156.294,2168.747,1.637e+06,0.002211
0.062841,0.026308,2.307007,4948287.661,376078.883,2166.543,1.633e+06,0.002213
0.063032,0.026383,2.311194,4947803.246,373050.551,2164.358,1.628e+06,0.002214
0.063223,0.026457,2.315344,4947318.140,370070.283,2162.193,1.623e+06,0.002216
0.063414,0.026531,2.319457,4946832.352,367137.086,2160.048,1.618e+06,0.002218
0.063605,0.026605,2.323534,4946345.894,364249.998,2157.922,1.614e+06,0.002219
0.063796,0.026678,2.327576,4945858.774,361408.079,2155.815,1.609e+06,0.002221
0.063987,0.026751,2.331582,4945371.003,358610.416,2153.727,1.605e+06,0.002222
0.064178,0.026824,2.335553,4944882.590,355856.118,2151.658,1.600e+06,0.002224
0.064369,0.026896,2.339490,4944393.544,353144.318,2149.607,1.596e+06,0.002226
0.064560,0.026968,2.343393,4943903.876,350474.173,2147.574,1.591e+06,0.002227
0.064751,0.027040,2.347262,4943413.594,347844.857,2145.559,1.587e+06,0.002229
0.064942,0.027112,2.351098,4942922.707,345255.571,2143.562,1.582e+06,0.002230
0.065133,0.027183,2.354900,4942431.224,342705.531,2141.583,1.578e+06,0.002232
0.065324,0.027253,2.358670,4941939.154,340193.977,2139.621,1.574e+06,0.002233
0.065516,0.027324,2.362407,4941446.506,337720.164,2137.677,1.570e+06,0.002235
0.065707,0.027394,2.366113,4940953.287,335283.370,2135.749,1.566e+06,0.002236
0.065898,0.027464,2.369787,4940459.507,332882.887,2133.839,1.561e+06,0.002238
0.066089,0.027533,2.373429,4939965.173,330518.027,2131.945,1.557e+06,0.002239
0.066280,0.027602,2.377041,4939470.293,328188.118,2130.068,1.553e+06,0.002241
0.066471,0.027671,2.380621,4938974.876,325892.503,2128.208,1.549e+06,0.002242
0.066662,0.027739,2.384172,4938478.929,323630.545,2126.363,1.545e+06,0.002243
0.066853,0.027808,2.387692,4937982.460,321401.617,2124.535,1.541e+06,0.002245
0.067044,0.027875,2.391182,4937485.477,319205.112,2122.723,1.537e+06,0.002246
0.067235,0.027943,2.394643,4936987.986,317040.435,2120.926,1.534e+06,0.002248
0.067426,0.028010,2.398074,4936489.996,314907.005,2119.145,1.530e+06,0.002249
0.067617,0.028077,2.401477,4935991.513,312804.255,2117.380,1.526e+06,0.002251
0.067808,0.028143,2.404850,4935492.544,310731.633,2115.630,1.522e+06,0.002252
0.067999,0.028209,2.408196,4934993.098,308688.597,2113.895,1.518e+06,0.002253
0.068190,0.028275,2.411513,4934493.180,306674.621,2112.175,1.515e+06,0.002255
0.068382,0.028341,2.414802,4933992.797,304689.188,2110.470,1.511e+06,0.002256
0.068573,0.028406,2.418064,4933491.956,302731.795,2108.780,1.508e+06,0.002257
0.068764,0.028471,2.421298,4932990.663,300801.951,2107.104,1.504e+06,0.002259
0.068955,0.028535,2.424505,4932488.926,298899.173,2105.443,1.500e+06,0.002260
0.069146,0.028599,2.427685,4931986.750,297022.994,2103.796,1.497e+06,0.002261
0.069337,0.028663,2.430838,4931484.143,295172.953,2102.164,1.493e+06,0.002263
0.069528,0.028727,2.433965,4930981.109,293348.601,2100.545,1.490e+06,0.002264
0.069719,0.028790,2.437066,4930477.655,291549.501,2098.941,1.486e+06,0.002265
0.069910,0.028853,2.440141,4929973.787,289775.223,2097.350,1.483e+06,0.002267
0.070101,0.028915,2.443190,4929469.512,288025.348,2095.774,1.480e+06,0.002268
0.070292,0.028977,2.446213,4928964.834,286299.465,2094.210,1.476e+06,0.002269
0.070483,0.029039,2.449211,4928459.760,284597.175,2092.661,1.473e+06,0.002270
0.070674,0.029101,2.452184,4927954.296,282918.085,2091.124,1.470e+06,0.002272
0.070865,0.029162,2.455132,4927448.446,281261.810,2089.601,1.467e+06,0.002273
0.071056,0.029223,2.458056,4926942.217,279627.977,2088.091,1.463e+06,0.002274
0.071247,0.029284,2.460954,4926435.615,278016.217,2086.595,1.460e+06,0.002275
0.071439,0.029344,2.463829,4925928.643,276426.173,2085.111,1.457e+06,0.002277
0.071630,0.029404,2.466679,4925421.309,274857.491,2083.640,1.454e+06,0.002278
0.071821,0.029463,2.469506,4924913.616,273309.829,2082.181,1.451e+06,0.002279
0.072012,0.029523,2.472308,4924405.570,271782.850,2080.735,1.448e+06,0.002280
0.072203,0.029581,2.475088,4923897.176,270276.225,2079.302,1.445e+06,0.002282
0.072394,0.029640,2.477843,4923388.440,268789.630,2077.881,1.442e+06,0.002283
0.072585,0.029698,2.480576,4922879.366,267322.750,2076.473,1.439e+06,0.002284
0.072776,0.029756,2.483286,4922369.958,265875.277,2075.076,1.436e+06,0.002285
0.072967,0.029814,2.485972,4921860.223,264446.908,2073.692,1.433e+06,0.002286
0.073158,0.029871,2.488637,4921350.164,263037.346,2072.320,1.430e+06,0.002287
0.073349,0.029928,2.491278,4920839.786,261646.301,2070.960,1.427e+06,0.002289
0.073540,0.029985,2.493897,4920329.094,260273.489,2069.611,1.424e+06,0.002290
0.073731,0.030041,2.496495,4919818.092,258918.632,2068.275,1.422e+06,0.002291
0.073922,0.030097,2.499070,4919306.785,257581.457,2066.950,1.419e+06,0.002292
0.074113,0.030153,2.501623,4918795.177,256261.697,2065.636,1.416e+06,0.002293
0.074305,0.030208,2.504155,4918283.273,254959.091,2064.334,1.413e+06,0.002294
0.074496,0.030263,2.506665,4917771.077,253673.382,2063.044,1.410e+06,0.002295
0.074687,0.030318,2.509154,4917258.593,252404.319,2061.764,1.408e+06,0.002296
0.074878,0.030372,2.511621,4916745.825,251151.656,2060.496,1.405e+06,0.002297
0.075069,0.030426,2.514067,4916232.778,249915.152,2059.239,1.402e+06,0.002299
0.075260,0.030480,2.516493,4915719.456,248694.571,2057.994,1.400e+06,0.002300
0.075451,0.030533,2.518898,4915205.862,247489.681,2056.759,1.397e+06,0.002301
0.075642,0.030586,2.521282,4914692.001,246300.254,2055.535,1.395e+06,0.002302
0.075833,0.030639,2.523645,4914177.876,245126.069,2054.322,1.392e+06,0.002303
0.076024,0.030691,2.525988,4913663.492,243966.908,2053.119,1.390e+06,0.002304
0.076215,0.030743,2.528311,4913148.852,242822.555,2051.928,1.387e+06,0.002305
0.076406,0.030795,2.530614,4912633.960,241692.803,2050.747,1.385e+06,0.002306
0.076597,0.030846,2.532897,4912118.820,240577.444,2049.576,1.382e+06,0.002307
0.076788,0.030897,2.535160,4911603.435,239476.279,2048.416,1.380e+06,0.002308
0.076979,0.030948,2.537403,4911087.809,238389.108,2047.266,1.377e+06,0.002309
0.077170,0.030998,2.539626,4910571.947,237315.738,2046.127,1.375e+06,0.002310
0.077362,0.031048,2.541831,4910055.850,236255.979,2044.998,1.373e+06,0.002311
0.077553,0.031098,2.544015,4909539.523,235209.644,2043.879,1.370e+06,0.002312
0.077744,0.031147,2.546181,4909022.969,234176.551,2042.770,1.368e+06,0.002313
0.077935,0.031196,2.548327,4908506.192,233156.520,2041.671,1.366e+06,0.002314
0.078126,0.031245,2.550455,4907989.194,232149.375,2040.582,1.363e+06,0.002315
0.078317,0.031294,2.552564,4907471.981,231154.944,2039.503,1.361e+06,0.002316
0.078508,0.031342,2.554653,4906954.553,230173.056,2038.434,1.359e+06,0.002317
0.078699,0.031389,2.556724,4906436.916,229203.547,2037.375,1.357e+06,0.002318
0.078890,0.031437,2.558777,4905919.071,228246.252,2036.325,1.355e+06,0.002319
0.079081,0.031484,2.560811,4905401.023,227301.012,2035.285,1.352e+06,0.002320
0.079272,0.031531,2.562827,4904882.774,226367.670,2034.255,1.350e+06,0.002320
0.079463,0.031577,2.564825,4904364.327,225446.072,2033.234,1.348e+06,0.002321
0.079654,0.031623,2.566804,4903845.686,224536.066,2032.223,1.346e+06,0.002322
0.079845,0.031669,2.568766,4903326.854,223637.505,2031.221,1.344e+06,0.002323
0.080036,0.031714,2.570709,4902807.833,222750.242,2030.229,1.342e+06,0.002324
0.080228,0.031760,2.572635,4902288.626,221874.134,2029.246,1.340e+06,0.002325
0.080419,0.031804,2.574543,4901769.237,221009.042,2028.272,1.338e+06,0.002326
0.080610,0.031849,2.576433,4901249.668,220154.827,2027.307,1.336e+06,0.002327
0.080801,0.031893,2.578306,4900729.923,219311.355,2026.352,1.334e+06,0.002328
0.080992,0.031937,2.580161,4900210.003,218478.492,2025.405,1.332e+06,0.002328
0.081183,0.031980,2.581999,4899689.912,217656.108,2024.468,1.330e+06,0.002329
0.081374,0.032023,2.583820,4899169.652,216844.075,2023.539,1.328e+06,0.002330
0.081565,0.032066,2.585624,4898649.226,216042.269,2022.620,1.326e+06,0.002331
0.081756,0.032109,2.587410,4898128.638,215250.565,2021.710,1.324e+06,0.002332
0.081947,0.032151,2.589180,4897607.888,214468.842,2020.808,1.322e+06,0.002333
0.082138,0.032193,2.590933,4897086.981,213696.981,2019.915,1.320e+06,0.002333
0.082329,0.032234,2.592668,4896565.919,212934.866,2019.031,1.319e+06,0.002334
0.082520,0.032276,2.594388,4896044.704,212182.383,2018.155,1.317e+06,0.002335
0.082711,0.032316,2.596090,4895523.338,211439.418,2017.289,1.315e+06,0.002336
0.082902,0.032357,2.597776,4895001.825,210705.860,2016.431,1.313e+06,0.002337
0.083093,0.032397,2.599445,4894480.167,209981.602,2015.581,1.311e+06,0.002337
0.083285,0.032437,2.601098,4893958.366,209266.537,2014.740,1.310e+06,0.002338
0.083476,0.032477,2.602735,4893436.425,208560.560,2013.907,1.308e+06,0.002339
0.083667,0.032516,2.604355,4892914.346,207863.569,2013.083,1.306e+06,0.002340
0.083858,0.032555,2.605960,4892392.132,207175.461,2012.267,1.304e+06,0.002341
0.084049,0.032593,2.607548,4891869.784,206496.138,2011.460,1.303e+06,0.002341
0.084240,0.032631,2.609120,4891347.305,205825.503,2010.661,1.301e+06,0.002342
0.084431,0.032669,2.610676,4890824.698,205163.460,2009.870,1.299e+06,0.002343
0.084622,0.032707,2.612216,4890301.965,204509.915,2009.087,1.298e+06,0.002344
0.084813,0.032744,2.613741,4889779.107,203864.775,2008.313,1.296e+06,0.002344
0.085004,0.032781,2.615249,4889256.128,203227.950,2007.546,1.295e+06,0.002345
0.085195,0.032818,2.616742,4888733.029,202599.351,2006.788,1.293e+06,0.002346
0.085386,0.032854,2.618220,4888209.813,201978.891,2006.038,1.291e+06,0.002346
0.085577,0.032890,2.619681,4887686.481,201366.482,2005.296,1.290e+06,0.002347
0.085768,0.032926,2.621128,4887163.036,200762.041,2004.562,1.288e+06,0.002348
0.085959,0.032961,2.622559,4886639.481,200165.485,2003.836,1.287e+06,0.002349
0.086151,0.032996,2.623974,4886115.816,199576.733,2003.117,1.285e+06,0.002349
0.086342,0.033030,2.625375,4885592.045,198995.704,2002.407,1.284e+06,0.002350
0.086533,0.033065,2.626760,4885068.168,198422.320,2001.705,1.282e+06,0.002351
0.086724,0.033099,2.628130,4884544.189,197856.503,2001.010,1.281e+06,0.002351
0.086915,0.033132,2.629485,4884020.109,197298.178,2000.323,1.279e+06,0.002352
0.087106,0.033166,2.630824,4883495.931,196747.270,1999.644,1.278e+06,0.002353
0.087297,0.033199,2.632149,4882971.655,196203.707,1998.972,1.277e+06,0.002353
0.087488,0.033231,2.633459,4882447.285,195667.415,1998.308,1.275e+06,0.002354
0.087679,0.033264,2.634754,4881922.822,195138.324,1997.652,1.274e+06,0.002354
0.087870,0.033296,2.636034,4881398.268,194616.366,1997.004,1.273e+06,0.002355
0.088061,0.033327,2.637300,4880873.624,194101.471,1996.363,1.271e+06,0.002356
0.088252,0.033359,2.638551,4880348.894,193593.573,1995.729,1.270e+06,0.002356
0.088443,0.033390,2.639787,4879824.078,193092.607,1995.103,1.269e+06,0.002357
0.088634,0.033420,2.641008,4879299.178,192598.507,1994.485,1.267e+06,0.002358
0.088825,0.033451,2.642215,4878774.197,192111.210,1993.874,1.266e+06,0.002358
0.089016,0.033481,2.643408,4878249.136,191630.654,1993.270,1.265e+06,0.002359
0.089208,0.033510,2.644586,4877723.996,191156.777,1992.674,1.263e+06,0.002359
0.089399,0.033540,2.645749,4877198.781,190689.520,1992.085,1.262e+06,0.002360
0.089590,0.033569,2.646898,4876673.490,190228.824,1991.504,1.261e+06,0.002360
0.089781,0.033597,2.648033,4876148.127,189774.629,1990.930,1.260e+06,0.002361
0.089972,0.033626,2.649154,4875622.693,189326.881,1990.363,1.259e+06,0.002362
0.090163,0.033654,2.650261,4875097.189,188885.522,1989.804,1.257e+06,0.002362
0.090354,0.033682,2.651353,4874571.618,188450.498,1989.251,1.256e+06,0.002363
0.090545,0.033709,2.652431,4874045.980,188021.755,1988.706,1.255e+06,0.002363
0.090736,0.033736,2.653496,4873520.278,187599.240,1988.168,1.254e+06,0.002364
0.090927,0.033763,2.654546,4872994.514,187182.901,1987.638,1.253e+06,0.002364
0.091118,0.033789,2.655582,4872468.688,186772.687,1987.114,1.252e+06,0.002365
0.091309,0.033815,2.656604,4871942.803,186368.548,1986.597,1.251e+06,0.002365
0.091500,0.033841,2.657613,4871416.860,185970.434,1986.088,1.249e+06,0.002366
0.091691,0.033866,2.658607,4870890.861,185578.298,1985.586,1.248e+06,0.002366
0.091882,0.033892,2.659588,4870364.807,185192.093,1985.090,1.247e+06,0.002367
0.092074,0.033916,2.660555,4869838.699,184811.771,1984.602,1.246e+06,0.002367
0.092265,0.033941,2.661508,4869312.541,184437.287,1984.121,1.245e+06,0.002368
0.092456,0.033965,2.662447,4868786.332,184068.597,1983.647,1.244e+06,0.002368
0.092647,0.033989,2.663373,4868260.075,183705.656,1983.179,1.243e+06,0.002369
0.092838,0.034012,2.664286,4867733.771,183348.421,1982.719,1.242e+06,0.002369
0.093029,0.034035,2.665184,4867207.421,182996.851,1982.265,1.241e+06,0.002370
0.093220,0.034058,2.666069,4866681.028,182650.903,1981.819,1.240e+06,0.002370
0.093411,0.034081,2.666941,4866154.592,182310.537,1981.379,1.239e+06,0.002371
0.093602,0.034103,2.667799,4865628.115,181975.714,1980.946,1.238e+06,0.002371
0.093793,0.034125,2.668644,4865101.598,181646.393,1980.520,1.237e+06,0.002372
0.093984,0.034146,2.669475,4864575.044,181322.537,1980.101,1.237e+06,0.002372
0.094175,0.034167,2.670293,4864048.452,181004.108,1979.688,1.236e+06,0.002372
0.094366,0.034188,2.671097,4863521.826,180691.070,1979.282,1.235e+06,0.002373
0.094557,0.034208,2.671888,4862995.166,180383.386,1978.884,1.234e+06,0.002373
0.094748,0.034229,2.672666,4862468.473,180081.020,1978.491,1.233e+06,0.002374
0.094939,0.034249,2.673431,4861941.749,179783.939,1978.106,1.232e+06,0.002374
0.095131,0.034268,2.674182,4861414.996,179492.108,1977.727,1.231e+06,0.002375
0.095322,0.034287,2.674921,4860888.215,179205.494,1977.355,1.231e+06,0.002375
0.095513,0.034306,2.675646,4860361.407,178924.065,1976.990,1.230e+06,0.002375
0.095704,0.034325,2.676358,4859834.573,178647.787,1976.631,1.229e+06,0.002376
0.095895,0.034343,2.677057,4859307.715,178376.632,1976.279,1.228e+06,0.002376
0.096086,0.034361,2.677742,4858780.834,178110.567,1975.933,1.227e+06,0.002376
0.096277,0.034378,2.678415,4858253.933,177849.562,1975.594,1.227e+06,0.002377
0.096468,0.034395,2.679075,4857727.010,177593.590,1975.262,1.226e+06,0.002377
0.096659,0.034412,2.679722,4857200.070,177342.620,1974.936,1.225e+06,0.002378
0.096850,0.034429,2.680355,4856673.111,177096.626,1974.617,1.224e+06,0.002378
0.097041,0.034445,2.680976,4856146.137,176855.579,1974.305,1.224e+06,0.002378
0.097232,0.034461,2.681584,4855619.147,176619.453,1973.999,1.223e+06,0.002379
0.097423,0.034477,2.682179,4855092.145,176388.223,1973.699,1.222e+06,0.002379
0.097614,0.034492,2.682761,4854565.129,176161.861,1973.406,1.222e+06,0.002379
0.097805,0.034507,2.683330,4854038.103,175940.344,1973.119,1.221e+06,0.002380
0.097996,0.034521,2.683886,4853511.067,175723.648,1972.839,1.220e+06,0.002380
0.098188,0.034536,2.684430,4852984.023,175511.748,1972.566,1.220e+06,0.002380
0.098379,0.034550,2.684961,4852456.971,175304.621,1972.299,1.219e+06,0.002381
0.098570,0.034563,2.685478,4851929.913,175102.245,1972.038,1.218e+06,0.002381
0.098761,0.034576,2.685984,4851402.851,174904.598,1971.784,1.218e+06,0.002381
0.098952,0.034589,2.686476,4850875.785,174711.659,1971.536,1.217e+06,0.002381
0.099143,0.034602,2.686956,4850348.717,174523.406,1971.295,1.217e+06,0.002382
0.099334,0.034614,2.687423,4849821.648,174339.820,1971.060,1.216e+06,0.002382
