x_m,y_m,Ma,gamma,Taw_K,Twg_K,sigma,hg_W_m2K,qdot_W_m2
0.000000,0.060000,0.049363,1.166800,3299.933,800.000,1.382212,5784.648,14461232.187
0.000355,0.059645,0.049953,1.166800,3299.931,800.000,1.382210,5846.732,14616427.351
0.000710,0.059290,0.050555,1.166800,3299.930,800.000,1.382208,5909.858,14774228.354
0.001064,0.058936,0.051167,1.166800,3299.928,800.000,1.382206,5974.050,14934694.917
0.001419,0.058581,0.051790,1.166800,3299.926,800.000,1.382205,6039.334,15097888.497
0.001774,0.058226,0.052425,1.166800,3299.924,800.000,1.382203,6105.734,15263872.353
0.002129,0.057871,0.053072,1.166800,3299.922,800.000,1.382201,6173.276,15432711.609
0.002484,0.057516,0.053731,1.166800,3299.921,800.000,1.382199,6241.988,15604473.317
0.002839,0.057161,0.054402,1.166800,3299.919,800.000,1.382196,6311.896,15779226.532
0.003193,0.056807,0.055086,1.166800,3299.917,800.000,1.382194,6383.030,15957042.380
0.003548,0.056452,0.055783,1.166800,3299.914,800.000,1.382192,6455.419,16137994.136
0.003903,0.056097,0.056494,1.166800,3299.912,800.000,1.382190,6529.092,16322157.303
0.004258,0.055742,0.057218,1.166800,3299.910,800.000,1.382187,6604.082,16509609.694
0.004613,0.055387,0.057956,1.166800,3299.908,800.000,1.382185,6680.420,16700431.514
0.004968,0.055032,0.058709,1.166800,3299.905,800.000,1.382182,6758.139,16894705.458
0.005322,0.054678,0.059476,1.166800,3299.903,800.000,1.382180,6837.273,17092516.797
0.005677,0.054323,0.060258,1.166800,3299.900,800.000,1.382177,6917.858,17293953.478
0.006032,0.053968,0.061057,1.166800,3299.897,800.000,1.382174,6999.930,17499106.227
0.006387,0.053613,0.061871,1.166800,3299.895,800.000,1.382171,7083.526,17708068.655
0.006742,0.053258,0.062702,1.166800,3299.892,800.000,1.382168,7168.685,17920937.371
0.007097,0.052903,0.063549,1.166800,3299.889,800.000,1.382165,7255.447,18137812.094
0.007451,0.052549,0.064414,1.166800,3299.886,800.000,1.382162,7343.854,18358795.781
0.007806,0.052194,0.065297,1.166800,3299.883,800.000,1.382158,7433.947,18583994.751
0.008161,0.051839,0.066198,1.166800,3299.879,800.000,1.382155,7525.770,18813518.817
0.008516,0.051484,0.067118,1.166800,3299.876,800.000,1.382151,7619.370,19047481.431
0.008871,0.051129,0.068058,1.166800,3299.873,800.000,1.382148,7714.793,19285999.826
0.009226,0.050774,0.069017,1.166800,3299.869,800.000,1.382144,7812.088,19529195.168
0.009580,0.050420,0.069997,1.166800,3299.865,800.000,1.382140,7911.304,19777192.723
0.009935,0.050065,0.070998,1.166800,3299.861,800.000,1.382136,8012.493,20030122.018
0.010290,0.049710,0.072021,1.166800,3299.857,800.000,1.382132,8115.710,20288117.023
0.010645,0.049355,0.073067,1.166800,3299.853,800.000,1.382127,8221.009,20551316.332
0.011000,0.049000,0.074135,1.166800,3299.849,800.000,1.382123,8328.449,20819863.359
0.011355,0.048645,0.075227,1.166800,3299.844,800.000,1.382118,8438.088,21093906.543
0.011709,0.048291,0.076344,1.166800,3299.840,800.000,1.382113,8549.988,21373599.559
0.012064,0.047936,0.077485,1.166800,3299.835,800.000,1.382108,8664.213,21659101.545
0.012419,0.047581,0.078653,1.166800,3299.830,800.000,1.382102,8780.829,21950577.336
0.012774,0.047226,0.079848,1.166800,3299.825,800.000,1.382097,8899.903,22248197.716
0.013129,0.046871,0.081070,1.166800,3299.819,800.000,1.382091,9021.508,22552139.672
0.013484,0.046516,0.082320,1.166800,3299.814,800.000,1.382085,9145.717,22862586.674
0.013838,0.046162,0.083600,1.166800,3299.808,800.000,1.382079,9272.605,23179728.961
0.014193,0.045807,0.084911,1.166800,3299.802,800.000,1.382073,9402.251,23503763.847
0.014548,0.045452,0.086252,1.166800,3299.795,800.000,1.382066,9534.739,23834896.035
0.014903,0.045097,0.087626,1.166800,3299.789,800.000,1.382059,9670.152,24173337.961
0.015258,0.044742,0.089034,1.166800,3299.782,800.000,1.382052,9808.579,24519310.144
0.015613,0.044387,0.090476,1.166800,3299.775,800.000,1.382044,9950.113,24873041.560
0.015967,0.044033,0.091953,1.166800,3299.767,800.000,1.382036,10094.847,25234770.038
0.016322,0.043678,0.093467,1.166800,3299.760,800.000,1.382028,10242.881,25604742.677
0.016677,0.043323,0.095020,1.166800,3299.752,800.000,1.382020,10394.319,25983216.282
0.017032,0.042968,0.096611,1.166800,3299.743,800.000,1.382011,10549.266,26370457.828
0.017387,0.042613,0.098244,1.166800,3299.735,800.000,1.382002,10707.835,26766744.953
0.017742,0.042258,0.099919,1.166800,3299.725,800.000,1.381992,10870.140,27172366.471
0.018096,0.041904,0.101637,1.166800,3299.716,800.000,1.381982,11036.303,27587622.921
0.018451,0.041549,0.103401,1.166800,3299.706,800.000,1.381971,11206.449,28012827.146
0.018806,0.041194,0.105211,1.166800,3299.696,800.000,1.381960,11380.708,28448304.903
0.019161,0.040839,0.107070,1.166800,3299.685,800.000,1.381949,11559.216,28894395.514
0.019516,0.040484,0.108980,1.166800,3299.673,800.000,1.381937,11742.115,29351452.548
0.019871,0.040129,0.110941,1.166800,3299.662,800.000,1.381924,11929.553,29819844.552
0.020225,0.039775,0.112957,1.166800,3299.649,800.000,1.381911,12121.683,30299955.818
0.020580,0.039420,0.115029,1.166800,3299.636,800.000,1.381897,12318.667,30792187.205
0.020935,0.039065,0.117160,1.166800,3299.623,800.000,1.381883,12520.673,31296957.001
0.021290,0.038710,0.119351,1.166800,3299.608,800.000,1.381868,12727.874,31814701.846
0.021645,0.038355,0.121605,1.166800,3299.594,800.000,1.381852,12940.455,32345877.712
0.021999,0.038001,0.123925,1.166800,3299.578,800.000,1.381836,13158.606,32890960.939
0.022354,0.037646,0.126313,1.166800,3299.561,800.000,1.381818,13382.527,33450449.339
0.022709,0.037291,0.128772,1.166800,3299.544,800.000,1.381800,13612.427,34024863.375
0.023064,0.036936,0.131305,1.166800,3299.526,800.000,1.381781,13848.524,34614747.408
0.023419,0.036581,0.133914,1.166800,3299.507,800.000,1.381761,14091.046,35220671.032
0.023774,0.036226,0.136604,1.166800,3299.487,800.000,1.381739,14340.234,35843230.491
0.024128,0.035872,0.139378,1.166800,3299.466,800.000,1.381717,14596.337,36483050.189
0.024483,0.035517,0.142239,1.166800,3299.444,800.000,1.381694,14859.618,37140784.309
0.024838,0.035162,0.145190,1.166800,3299.421,800.000,1.381669,15130.353,37817118.531
0.025193,0.034807,0.148237,1.166800,3299.396,800.000,1.381643,15408.829,38512771.868
0.025548,0.034452,0.151384,1.166800,3299.370,800.000,1.381616,15695.352,39228498.637
0.025903,0.034097,0.154634,1.166800,3299.343,800.000,1.381587,15990.237,39965090.549
0.026257,0.033743,0.157993,1.166800,3299.314,800.000,1.381556,16293.820,40723378.960
0.026612,0.033388,0.161466,1.166800,3299.284,800.000,1.381524,16606.451,41504237.271
0.026967,0.033033,0.165058,1.166800,3299.252,800.000,1.381490,16928.499,42308583.504
0.027322,0.032678,0.168775,1.166800,3299.218,800.000,1.381454,17260.353,43137383.050
0.027677,0.032323,0.172623,1.166800,3299.182,800.000,1.381415,17602.421,43991651.632
0.028032,0.031968,0.176609,1.166800,3299.144,800.000,1.381375,17955.133,44872458.464
0.028386,0.031614,0.180740,1.166800,3299.103,800.000,1.381332,18318.942,45780929.659
0.028741,0.031259,0.185023,1.166800,3299.061,800.000,1.381287,18694.326,46718251.874
0.029096,0.030904,0.189467,1.166800,3299.015,800.000,1.381238,19081.789,47685676.229
0.029451,0.030549,0.194079,1.166800,3298.967,800.000,1.381187,19481.862,48684522.525
0.029806,0.030194,0.198869,1.166800,3298.915,800.000,1.381132,19895.107,49716183.772
0.030161,0.029839,0.203847,1.166800,3298.860,800.000,1.381074,20322.117,50782131.064
0.030515,0.029485,0.209024,1.166800,3298.802,800.000,1.381012,20763.518,51883918.819
0.030870,0.029130,0.214411,1.166800,3298.740,800.000,1.380946,21219.975,53023190.433
0.031225,0.028775,0.220021,1.166800,3298.673,800.000,1.380875,21692.188,54201684.349
0.031580,0.028420,0.225867,1.166800,3298.602,800.000,1.380799,22180.901,55421240.614
0.031935,0.028065,0.231963,1.166800,3298.526,800.000,1.380718,22686.902,56683807.922
0.032290,0.027710,0.238326,1.166800,3298.444,800.000,1.380631,23211.026,57991451.221
0.032644,0.027356,0.244972,1.166800,3298.357,800.000,1.380538,23754.159,59346359.885
0.032999,0.027001,0.251922,1.166800,3298.263,800.000,1.380438,24317.243,60750856.526
0.033354,0.026646,0.259194,1.166800,3298.161,800.000,1.380330,24901.277,62207406.470
0.033709,0.026291,0.266813,1.166800,3298.052,800.000,1.380214,25507.323,63718627.938
0.034064,0.025936,0.274803,1.166800,3297.935,800.000,1.380089,26136.514,65287302.987
0.034419,0.025581,0.283192,1.166800,3297.807,800.000,1.379953,26790.051,66916389.217
0.034773,0.025227,0.292010,1.166800,3297.670,800.000,1.379806,27469.217,68609032.292
0.035128,0.024872,0.301293,1.166800,3297.520,800.000,1.379647,28175.377,70368579.271
0.035156,0.024844,0.302050,1.166800,3297.508,800.000,1.379633,28232.627,70511212.352
0.035256,0.024744,0.304743,1.166800,3297.464,800.000,1.379586,28435.612,71016910.267
0.035356,0.024646,0.307447,1.166800,3297.419,800.000,1.379538,28638.637,71522671.435
0.035456,0.024549,0.310162,1.166800,3297.373,800.000,1.379490,28841.695,72028483.690
0.035556,0.024453,0.312887,1.166800,3297.327,800.000,1.379440,29044.783,72534334.021
0.035656,0.024358,0.315623,1.166800,3297.281,800.000,1.379391,29247.895,73040208.599
0.035756,0.024264,0.318370,1.166800,3297.234,800.000,1.379340,29451.025,73546092.796
0.035856,0.024171,0.321129,1.166800,3297.186,800.000,1.379289,29654.167,74051971.198
0.035956,0.024079,0.323898,1.166800,3297.138,800.000,1.379238,29857.315,74557827.628
0.036056,0.023988,0.326678,1.166800,3297.089,800.000,1.379185,30060.463,75063645.163
0.036156,0.023898,0.329470,1.166800,3297.039,800.000,1.379132,30263.603,75569406.145
0.036256,0.023809,0.332273,1.166800,3296.989,800.000,1.379079,30466.729,76075092.199
0.036356,0.023721,0.335088,1.166800,3296.938,800.000,1.379024,30669.833,76580684.249
0.036456,0.023634,0.337913,1.166800,3296.887,800.000,1.378970,30872.908,77086162.528
0.036556,0.023547,0.340751,1.166800,3296.835,800.000,1.378914,31075.944,77591506.596
0.036656,0.023462,0.343599,1.166800,3296.782,800.000,1.378858,31278.935,78096695.347
0.036756,0.023377,0.346460,1.166800,3296.729,800.000,1.378800,31481.872,78601707.025
0.036856,0.023293,0.349332,1.166800,3296.675,800.000,1.378743,31684.745,79106519.234
0.036956,0.023210,0.352215,1.166800,3296.621,800.000,1.378684,31887.547,79611108.952
0.037056,0.023128,0.355111,1.166800,3296.565,800.000,1.378625,32090.267,80115452.538
0.037156,0.023047,0.358018,1.166800,3296.510,800.000,1.378565,32292.896,80619525.743
0.037256,0.022966,0.360937,1.166800,3296.453,800.000,1.378505,32495.425,81123303.724
0.037356,0.022887,0.363868,1.166800,3296.396,800.000,1.378443,32697.843,81626761.050
0.037456,0.022808,0.366811,1.166800,3296.338,800.000,1.378381,32900.141,82129871.712
0.037556,0.022730,0.369766,1.166800,3296.279,800.000,1.378319,33102.307,82632609.134
0.037656,0.022652,0.372732,1.166800,3296.220,800.000,1.378255,33304.332,83134946.182
0.037756,0.022576,0.375711,1.166800,3296.160,800.000,1.378191,33506.205,83636855.170
0.037856,0.022500,0.378702,1.166800,3296.100,800.000,1.378126,33707.913,84138307.872
0.037956,0.022425,0.381705,1.166800,3296.038,800.000,1.378060,33909.447,84639275.529
0.038056,0.022351,0.384721,1.166800,3295.976,800.000,1.377993,34110.794,85139728.859
0.038156,0.022277,0.387748,1.166800,3295.913,800.000,1.377926,34311.944,85639638.061
0.038256,0.022205,0.390788,1.166800,3295.850,800.000,1.377857,34512.883,86138972.829
0.038356,0.022133,0.393840,1.166800,3295.786,800.000,1.377788,34713.600,86637702.355
0.038456,0.022061,0.396904,1.166800,3295.721,800.000,1.377719,34914.083,87135795.339
0.038556,0.021991,0.399981,1.166800,3295.655,800.000,1.377648,35114.318,87633219.998
0.038656,0.021921,0.403070,1.166800,3295.588,800.000,1.377576,35314.295,88129944.072
0.038756,0.021852,0.406172,1.166800,3295.521,800.000,1.377504,35513.998,88625934.832
0.038856,0.021783,0.409286,1.166800,3295.453,800.000,1.377431,35713.417,89121159.087
0.038956,0.021715,0.412412,1.166800,3295.384,800.000,1.377357,35912.536,89615583.194
0.039056,0.021648,0.415551,1.166800,3295.315,800.000,1.377282,36111.343,90109173.063
0.039156,0.021582,0.418702,1.166800,3295.245,800.000,1.377207,36309.825,90601894.167
0.039256,0.021516,0.421867,1.166800,3295.174,800.000,1.377130,36507.967,91093711.548
0.039356,0.021451,0.425043,1.166800,3295.102,800.000,1.377053,36705.755,91584589.823
0.039456,0.021386,0.428232,1.166800,3295.029,800.000,1.376974,36903.176,92074493.196
0.039556,0.021322,0.431434,1.166800,3294.955,800.000,1.376895,37100.215,92563385.463
0.039656,0.021259,0.434649,1.166800,3294.881,800.000,1.376815,37296.858,93051230.017
0.039756,0.021196,0.437876,1.166800,3294.806,800.000,1.376734,37493.090,93537989.862
0.039856,0.021134,0.441116,1.166800,3294.730,800.000,1.376652,37688.896,94023627.614
0.039956,0.021073,0.444369,1.166800,3294.653,800.000,1.376569,37884.262,94508105.515
0.040056,0.021012,0.447634,1.166800,3294.576,800.000,1.376486,38079.172,94991385.436
0.040156,0.020952,0.450912,1.166800,3294.497,800.000,1.376401,38273.612,95473428.887
0.040256,0.020893,0.454203,1.166800,3294.418,800.000,1.376316,38467.566,95954197.023
0.040356,0.020834,0.457507,1.166800,3294.338,800.000,1.376229,38661.018,96433650.657
0.040456,0.020776,0.460823,1.166800,3294.257,800.000,1.376142,38853.953,96911750.260
0.040556,0.020718,0.464153,1.166800,3294.175,800.000,1.376053,39046.355,97388455.977
0.040656,0.020661,0.467495,1.166800,3294.093,800.000,1.375964,39238.208,97863727.631
0.040756,0.020605,0.470850,1.166800,3294.009,800.000,1.375874,39429.496,98337524.732
0.040856,0.020549,0.474218,1.166800,3293.925,800.000,1.375782,39620.204,98809806.484
0.040956,0.020493,0.477599,1.166800,3293.839,800.000,1.375690,39810.315,99280531.797
0.041056,0.020438,0.480993,1.166800,3293.753,800.000,1.375597,39999.812,99749659.293
0.041156,0.020384,0.484400,1.166800,3293.666,800.000,1.375502,40188.679,100217147.314
0.041256,0.020331,0.487819,1.166800,3293.578,800.000,1.375407,40376.900,100682953.932
0.041356,0.020278,0.491252,1.166800,3293.489,800.000,1.375311,40564.458,101147036.958
0.041456,0.020225,0.494698,1.166800,3293.399,800.000,1.375213,40751.335,101609353.949
0.041556,0.020173,0.498156,1.166800,3293.309,800.000,1.375115,40937.516,102069862.220
0.041656,0.020122,0.501628,1.166800,3293.217,800.000,1.375016,41122.983,102528518.850
0.041756,0.020071,0.505112,1.166800,3293.124,800.000,1.374915,41307.719,102985280.693
0.041856,0.020021,0.508610,1.166800,3293.031,800.000,1.374814,41491.706,103440104.387
0.041956,0.019971,0.512120,1.166800,3292.936,800.000,1.374711,41674.929,103892946.362
0.042056,0.019922,0.515643,1.166800,3292.841,800.000,1.374608,41857.368,104343762.854
0.042156,0.019873,0.519180,1.166800,3292.745,800.000,1.374503,42039.008,104792509.907
0.042256,0.019825,0.522729,1.166800,3292.647,800.000,1.374397,42219.830,105239143.389
0.042356,0.019777,0.526292,1.166800,3292.549,800.000,1.374290,42399.816,105683618.999
0.042456,0.019730,0.529867,1.166800,3292.450,800.000,1.374183,42578.950,106125892.278
0.042556,0.019683,0.533456,1.166800,3292.349,800.000,1.374074,42757.213,106565918.618
0.042656,0.019637,0.537057,1.166800,3292.248,800.000,1.373963,42934.588,107003653.273
0.042756,0.019592,0.540672,1.166800,3292.146,800.000,1.373852,43111.057,107439051.368
0.042856,0.019547,0.544300,1.166800,3292.043,800.000,1.373740,43286.602,107872067.911
0.042956,0.019502,0.547940,1.166800,3291.939,800.000,1.373626,43461.205,108302657.801
0.043056,0.019458,0.551594,1.166800,3291.833,800.000,1.373512,43634.848,108730775.841
0.043156,0.019414,0.555261,1.166800,3291.727,800.000,1.373396,43807.513,109156376.747
0.043256,0.019371,0.558940,1.166800,3291.620,800.000,1.373279,43979.183,109579415.159
0.043356,0.019329,0.562633,1.166800,3291.512,800.000,1.373161,44149.839,109999845.651
0.043456,0.019287,0.566339,1.166800,3291.403,800.000,1.373042,44319.462,110417622.743
0.043556,0.019245,0.570058,1.166800,3291.292,800.000,1.372921,44488.036,110832700.912
0.043656,0.019204,0.573789,1.166800,3291.181,800.000,1.372800,44655.541,111245034.602
0.043756,0.019163,0.577534,1.166800,3291.069,800.000,1.372677,44821.960,111654578.237
0.043856,0.019123,0.581292,1.166800,3290.955,800.000,1.372553,44987.275,112061286.228
0.043956,0.019084,0.585063,1.166800,3290.841,800.000,1.372428,45151.467,112465112.990
0.044056,0.019045,0.588846,1.166800,3290.725,800.000,1.372301,45314.518,112866012.948
0.044156,0.019006,0.592643,1.166800,3290.609,800.000,1.372174,45476.410,113263940.552
0.044256,0.018968,0.596453,1.166800,3290.491,800.000,1.372045,45637.125,113658850.288
0.044356,0.018930,0.600276,1.166800,3290.372,800.000,1.371915,45796.645,114050696.687
0.044456,0.018893,0.604111,1.166800,3290.253,800.000,1.371784,45954.952,114439434.341
0.044556,0.018856,0.607960,1.166800,3290.132,800.000,1.371651,46112.027,114825017.909
0.044656,0.018820,0.611821,1.166800,3290.010,800.000,1.371517,46267.853,115207402.134
0.044756,0.018784,0.615696,1.166800,3289.887,800.000,1.371382,46422.411,115586541.854
0.044856,0.018748,0.619583,1.166800,3289.763,800.000,1.371246,46575.684,115962392.009
0.044956,0.018713,0.623484,1.166800,3289.637,800.000,1.371108,46727.653,116334907.659
0.045056,0.018679,0.627397,1.166800,3289.511,800.000,1.370970,46878.301,116704043.993
0.045156,0.018645,0.631323,1.166800,3289.383,800.000,1.370829,47027.610,117069756.342
0.045256,0.018611,0.635262,1.166800,3289.255,800.000,1.370688,47175.562,117432000.190
0.045356,0.018578,0.639214,1.166800,3289.125,800.000,1.370545,47322.139,117790731.186
0.045456,0.018545,0.643178,1.166800,3288.994,800.000,1.370401,47467.324,118145905.157
0.045556,0.018513,0.647156,1.166800,3288.863,800.000,1.370256,47611.099,118497478.121
0.045656,0.018481,0.651146,1.166800,3288.729,800.000,1.370109,47753.446,118845406.297
0.045756,0.018450,0.655149,1.166800,3288.595,800.000,1.369961,47894.348,119189646.118
0.045856,0.018419,0.659165,1.166800,3288.460,800.000,1.369812,48033.788,119530154.244
0.045956,0.018389,0.663194,1.166800,3288.323,800.000,1.369661,48171.748,119866887.573
0.046056,0.018359,0.667236,1.166800,3288.186,800.000,1.369509,48308.211,120199803.255
0.046156,0.018329,0.671290,1.166800,3288.047,800.000,1.369356,48443.160,120528858.702
0.046256,0.018300,0.675357,1.166800,3287.907,800.000,1.369201,48576.578,120854011.601
0.046356,0.018271,0.679436,1.166800,3287.766,800.000,1.369045,48708.449,121175219.928
0.046456,0.018243,0.683529,1.166800,3287.624,800.000,1.368888,48838.755,121492441.957
0.046556,0.018215,0.687634,1.166800,3287.480,800.000,1.368729,48967.479,121805636.274
0.046656,0.018188,0.691751,1.166800,3287.336,800.000,1.368569,49094.606,122114761.790
0.046756,0.018161,0.695882,1.166800,3287.190,800.000,1.368407,49220.119,122419777.751
0.046856,0.018134,0.700024,1.166800,3287.043,800.000,1.368244,49344.001,122720643.752
0.046956,0.018108,0.704180,1.166800,3286.895,800.000,1.368080,49466.237,123017319.747
0.047056,0.018083,0.708348,1.166800,3286.745,800.000,1.367914,49586.809,123309766.065
0.047156,0.018057,0.712528,1.166800,3286.595,800.000,1.367747,49705.704,123597943.415
0.047256,0.018032,0.716722,1.166800,3286.443,800.000,1.367578,49822.904,123881812.906
0.047356,0.018008,0.720927,1.166800,3286.290,800.000,1.367408,49938.395,124161336.052
0.047456,0.017984,0.725145,1.166800,3286.136,800.000,1.367237,50052.160,124436474.788
0.047556,0.017960,0.729376,1.166800,3285.981,800.000,1.367064,50164.185,124707191.482
0.047656,0.017937,0.733619,1.166800,3285.824,800.000,1.366889,50274.455,124973448.941
0.047756,0.017915,0.737874,1.166800,3285.666,800.000,1.366714,50382.954,125235210.431
0.047856,0.017892,0.742142,1.166800,3285.507,800.000,1.366536,50489.668,125492439.682
0.047956,0.017870,0.746422,1.166800,3285.347,800.000,1.366358,50594.583,125745100.900
0.048056,0.017849,0.750714,1.166800,3285.186,800.000,1.366177,50697.684,125993158.782
0.048156,0.017828,0.755019,1.166800,3285.023,800.000,1.365996,50798.957,126236578.525
0.048256,0.017807,0.759336,1.166800,3284.859,800.000,1.365812,50898.388,126475325.836
0.048356,0.017787,0.763665,1.166800,3284.694,800.000,1.365628,50995.964,126709366.944
0.048456,0.017767,0.768007,1.166800,3284.528,800.000,1.365442,51091.670,126938668.611
0.048556,0.017747,0.772361,1.166800,3284.360,800.000,1.365254,51185.493,127163198.142
0.048656,0.017728,0.776726,1.166800,3284.191,800.000,1.365065,51277.421,127382923.397
0.048756,0.017710,0.781105,1.166800,3284.021,800.000,1.364874,51367.441,127597812.801
0.048856,0.017691,0.785495,1.166800,3283.850,800.000,1.364682,51455.538,127807835.352
0.048956,0.017674,0.789897,1.166800,3283.677,800.000,1.364488,51541.703,128012960.635
0.049056,0.017656,0.794311,1.166800,3283.504,800.000,1.364293,51625.921,128213158.830
0.049156,0.017639,0.798738,1.166800,3283.329,800.000,1.364096,51708.181,128408400.720
0.049256,0.017623,0.803176,1.166800,3283.152,800.000,1.363898,51788.472,128598657.704
0.049356,0.017606,0.807626,1.166800,3282.975,800.000,1.363698,51866.781,128783901.806
0.049456,0.017591,0.812088,1.166800,3282.796,800.000,1.363496,51943.097,128964105.683
0.049556,0.017575,0.816563,1.166800,3282.616,800.000,1.363293,52017.410,129139242.635
0.049656,0.017560,0.821049,1.166800,3282.434,800.000,1.363089,52089.709,129309286.613
0.049756,0.017545,0.825547,1.166800,3282.252,800.000,1.362883,52159.983,129474212.229
0.049856,0.017531,0.830056,1.166800,3282.068,800.000,1.362675,52228.222,129633994.765
0.049956,0.017517,0.834578,1.166800,3281.883,800.000,1.362466,52294.415,129788610.181
0.050056,0.017504,0.839111,1.166800,3281.696,800.000,1.362255,52358.554,129938035.122
0.050156,0.017491,0.843656,1.166800,3281.509,800.000,1.362043,52420.629,130082246.928
0.050256,0.017478,0.848213,1.166800,3281.320,800.000,1.361829,52480.630,130221223.640
0.050356,0.017466,0.852781,1.166800,3281.130,800.000,1.361613,52538.548,130354944.011
0.050456,0.017454,0.857361,1.166800,3280.938,800.000,1.361396,52594.376,130483387.508
0.050556,0.017443,0.861953,1.166800,3280.745,800.000,1.361177,52648.104,130606534.325
0.050656,0.017432,0.866556,1.166800,3280.551,800.000,1.360957,52699.724,130724365.384
0.050756,0.017421,0.871171,1.166800,3280.356,800.000,1.360735,52749.230,130836862.349
0.050856,0.017411,0.875797,1.166800,3280.159,800.000,1.360511,52796.612,130944007.625
0.050956,0.017401,0.880434,1.166800,3279.961,800.000,1.360286,52841.865,131045784.370
0.051056,0.017391,0.885083,1.166800,3279.762,800.000,1.360059,52884.980,131142176.499
0.051156,0.017382,0.889744,1.166800,3279.562,800.000,1.359830,52925.953,131233168.687
0.051256,0.017374,0.894416,1.166800,3279.360,800.000,1.359600,52964.775,131318746.381
0.051356,0.017365,0.899099,1.166800,3279.157,800.000,1.359368,53001.442,131398895.800
0.051456,0.017357,0.903793,1.166800,3278.953,800.000,1.359135,53035.947,131473603.940
0.051556,0.017350,0.908499,1.166800,3278.747,800.000,1.358900,53068.285,131542858.582
0.051656,0.017343,0.913216,1.166800,3278.540,800.000,1.358663,53098.451,131606648.296
0.051756,0.017336,0.917944,1.166800,3278.332,800.000,1.358424,53126.441,131664962.442
0.051856,0.017329,0.922683,1.166800,3278.123,800.000,1.358184,53152.249,131717791.179
0.051956,0.017323,0.927434,1.166800,3277.912,800.000,1.357943,53175.872,131765125.464
0.052056,0.017318,0.932195,1.166800,3277.700,800.000,1.357699,53197.305,131806957.058
0.052156,0.017313,0.936968,1.166800,3277.487,800.000,1.357454,53216.546,131843278.529
0.052256,0.017308,0.941751,1.166800,3277.272,800.000,1.357207,53233.591,131874083.256
0.052356,0.017303,0.946546,1.166800,3277.056,800.000,1.356959,53248.437,131899365.428
0.052456,0.017299,0.951351,1.166800,3276.839,800.000,1.356709,53261.081,131919120.052
0.052556,0.017296,0.956168,1.166800,3276.620,800.000,1.356457,53271.522,131933342.949
0.052656,0.017292,0.960995,1.166800,3276.401,800.000,1.356203,53279.757,131942030.761
0.052756,0.017289,0.965833,1.166800,3276.180,800.000,1.355948,53285.785,131945180.950
0.052856,0.017287,0.970682,1.166800,3275.957,800.000,1.355691,53289.604,131942791.800
0.052956,0.017285,0.975542,1.166800,3275.734,800.000,1.355432,53291.214,131934862.417
0.053056,0.017283,0.980412,1.166800,3275.509,800.000,1.355172,53290.614,131921392.731
0.053156,0.017282,0.985293,1.166800,3275.283,800.000,1.354910,53287.803,131902383.496
0.053256,0.017281,0.990185,1.166800,3275.055,800.000,1.354646,53282.782,131877836.291
0.053356,0.017280,0.995087,1.166800,3274.827,800.000,1.354381,53275.551,131847753.518
0.053456,0.017280,1.000000,1.166800,3274.597,800.000,1.354114,53266.111,131812138.515
0.053456,0.017280,1.000000,1.166800,3274.597,800.000,1.354114,53266.111,131812138.515
0.053493,0.017280,1.003552,1.166800,3274.430,800.000,1.353920,53257.948,131783057.444
0.053530,0.017280,1.007109,1.166800,3274.262,800.000,1.353725,53248.676,131751199.034
0.053566,0.017281,1.010673,1.166800,3274.094,800.000,1.353529,53238.296,131716565.572
0.053603,0.017282,1.014242,1.166800,3273.925,800.000,1.353332,53226.809,131679159.796
0.053639,0.017282,1.017817,1.166800,3273.756,800.000,1.353135,53214.216,131638984.792
0.053676,0.017283,1.021398,1.166800,3273.586,800.000,1.352936,53200.518,131596043.991
0.053712,0.017285,1.024985,1.166800,3273.415,800.000,1.352737,53185.715,131550341.162
0.053749,0.017286,1.028578,1.166800,3273.243,800.000,1.352537,53169.810,131501880.422
0.053785,0.017288,1.032176,1.166800,3273.071,800.000,1.352335,53152.804,131450666.225
0.053822,0.017290,1.035780,1.166800,3272.898,800.000,1.352133,53134.699,131396703.365
0.053858,0.017292,1.039389,1.166800,3272.725,800.000,1.351930,53115.496,131339996.977
0.053895,0.017294,1.043004,1.166800,3272.550,800.000,1.351726,53095.197,131280552.532
0.053931,0.017296,1.046624,1.166800,3272.376,800.000,1.351521,53073.805,131218375.835
0.053968,0.017299,1.050249,1.166800,3272.200,800.000,1.351315,53051.321,131153473.029
0.054004,0.017302,1.053880,1.166800,3272.024,800.000,1.351108,53027.748,131085850.587
0.054041,0.017305,1.057516,1.166800,3271.847,800.000,1.350901,53003.088,131015515.314
0.054077,0.017308,1.061158,1.166800,3271.669,800.000,1.350692,52977.344,130942474.343
0.054113,0.017311,1.064804,1.166800,3271.491,800.000,1.350482,52950.518,130866735.137
0.054150,0.017315,1.068456,1.166800,3271.312,800.000,1.350272,52922.614,130788305.481
0.054186,0.017319,1.072112,1.166800,3271.133,800.000,1.350061,52893.635,130707193.486
0.054223,0.017323,1.075774,1.166800,3270.953,800.000,1.349848,52863.582,130623407.584
0.054259,0.017327,1.079440,1.166800,3270.772,800.000,1.349635,52832.461,130536956.523
0.054295,0.017331,1.083111,1.166800,3270.590,800.000,1.349421,52800.273,130447849.371
0.054331,0.017336,1.086787,1.166801,3270.408,800.000,1.349206,52767.023,130356095.509
0.054368,0.017340,1.090468,1.166801,3270.226,800.000,1.348990,52732.714,130261704.629
0.054404,0.017345,1.094153,1.166801,3270.042,800.000,1.348774,52697.349,130164686.733
0.054440,0.017350,1.097844,1.166801,3269.858,800.000,1.348556,52660.934,130065052.128
0.054476,0.017356,1.101538,1.166801,3269.674,800.000,1.348337,52623.471,129962811.427
0.054512,0.017361,1.105237,1.166801,3269.489,800.000,1.348118,52584.964,129857975.542
0.054549,0.017367,1.108941,1.166801,3269.303,800.000,1.347898,52545.419,129750555.684
0.054585,0.017373,1.112649,1.166802,3269.116,800.000,1.347676,52504.839,129640563.358
0.054621,0.017379,1.116361,1.166802,3268.929,800.000,1.347454,52463.228,129528010.363
0.054657,0.017385,1.120077,1.166802,3268.742,800.000,1.347231,52420.592,129412908.785
0.054693,0.017391,1.123798,1.166802,3268.554,800.000,1.347007,52376.935,129295270.996
0.054729,0.017398,1.127523,1.166802,3268.365,800.000,1.346783,52332.261,129175109.651
0.054765,0.017405,1.131252,1.166803,3268.175,800.000,1.346557,52286.576,129052437.684
0.054800,0.017412,1.134985,1.166803,3267.985,800.000,1.346330,52239.885,128927268.305
0.054836,0.017419,1.138722,1.166803,3267.795,800.000,1.346103,52192.192,128799614.996
0.054872,0.017427,1.142463,1.166804,3267.603,800.000,1.345875,52143.503,128669491.507
0.054908,0.017434,1.146207,1.166804,3267.412,800.000,1.345646,52093.824,128536911.854
0.054944,0.017442,1.149956,1.166805,3267.219,800.000,1.345416,52043.160,128401890.315
0.054979,0.017450,1.153708,1.166805,3267.026,800.000,1.345185,51991.515,128264441.426
0.055015,0.017458,1.157464,1.166806,3266.833,800.000,1.344953,51938.897,128124579.975
0.055050,0.017466,1.161223,1.166806,3266.639,800.000,1.344721,51885.311,127982321.002
0.055086,0.017475,1.164986,1.166807,3266.444,800.000,1.344487,51830.762,127837679.794
0.055121,0.017484,1.168752,1.166807,3266.249,800.000,1.344253,51775.256,127690671.879
0.055157,0.017492,1.172522,1.166808,3266.053,800.000,1.344018,51718.801,127541313.025
0.055192,0.017502,1.176295,1.166809,3265.857,800.000,1.343782,51661.401,127389619.233
0.055228,0.017511,1.180072,1.166810,3265.660,800.000,1.343545,51603.062,127235606.735
0.055263,0.017520,1.183852,1.166810,3265.463,800.000,1.343307,51543.793,127079291.989
0.055298,0.017530,1.187634,1.166811,3265.265,800.000,1.343069,51483.598,126920691.678
0.055333,0.017540,1.191420,1.166812,3265.066,800.000,1.342829,51422.484,126759822.699
0.055369,0.017550,1.195209,1.166813,3264.867,800.000,1.342589,51360.458,126596702.166
0.055404,0.017560,1.199001,1.166814,3264.668,800.000,1.342348,51297.527,126431347.400
0.055439,0.017570,1.202796,1.166815,3264.467,800.000,1.342106,51233.697,126263775.928
0.055474,0.017581,1.206594,1.166816,3264.267,800.000,1.341864,51168.975,126094005.480
0.055509,0.017592,1.210394,1.166817,3264.066,800.000,1.341620,51103.368,125922053.980
0.055544,0.017603,1.214198,1.166819,3263.864,800.000,1.341376,51036.883,125747939.545
0.055578,0.017614,1.218004,1.166820,3263.662,800.000,1.341131,50969.528,125571680.480
0.055613,0.017625,1.221812,1.166821,3263.459,800.000,1.340885,50901.308,125393295.273
0.055648,0.017637,1.225623,1.166823,3263.256,800.000,1.340638,50832.233,125212802.591
0.055683,0.017648,1.229437,1.166824,3263.052,800.000,1.340391,50762.308,125030221.274
0.055717,0.017660,1.233253,1.166826,3262.848,800.000,1.340142,50691.542,124845570.334
0.055752,0.017672,1.237071,1.166828,3262.643,800.000,1.339893,50619.941,124658868.948
0.055786,0.017684,1.240892,1.166830,3262.438,800.000,1.339643,50547.514,124470136.452
0.055820,0.017697,1.244714,1.166831,3262.233,800.000,1.339393,50474.268,124279392.338
0.055855,0.017709,1.248539,1.166833,3262.027,800.000,1.339141,50400.210,124086656.253
0.055889,0.017722,1.252366,1.166835,3261.820,800.000,1.338889,50325.348,123891947.987
0.055923,0.017735,1.256196,1.166837,3261.613,800.000,1.338636,50249.690,123695287.475
0.055957,0.017748,1.260027,1.166840,3261.405,800.000,1.338382,50173.244,123496694.788
0.055991,0.017762,1.263860,1.166842,3261.197,800.000,1.338127,50096.018,123296190.132
0.056025,0.017775,1.267695,1.166844,3260.989,800.000,1.337872,50018.019,123093793.839
0.056059,0.017789,1.271531,1.166847,3260.780,800.000,1.337615,49939.256,122889526.368
0.056093,0.017803,1.275370,1.166849,3260.571,800.000,1.337359,49859.737,122683408.295
0.056127,0.017817,1.279210,1.166852,3260.361,800.000,1.337101,49779.469,122475460.312
0.056161,0.017831,1.283052,1.166855,3260.151,800.000,1.336842,49698.462,122265703.220
0.056194,0.017845,1.286895,1.166858,3259.940,800.000,1.336583,49616.722,122054157.926
0.056228,0.017860,1.290739,1.166861,3259.729,800.000,1.336323,49534.259,121840845.438
0.056261,0.017875,1.294586,1.166864,3259.517,800.000,1.336062,49451.080,121625786.861
0.056294,0.017890,1.298433,1.166868,3259.305,800.000,1.335801,49367.194,121409003.390
0.056328,0.017905,1.302282,1.166871,3259.093,800.000,1.335538,49282.609,121190516.308
0.056361,0.017920,1.306132,1.166875,3258.880,800.000,1.335276,49197.334,120970346.981
0.056394,0.017935,1.309983,1.166878,3258.667,800.000,1.335012,49111.377,120748516.852
0.056427,0.017951,1.313835,1.166882,3258.453,800.000,1.334747,49024.746,120525047.438
0.056460,0.017967,1.317689,1.166886,3258.239,800.000,1.334482,48937.450,120299960.325
0.056493,0.017983,1.321543,1.166890,3258.025,800.000,1.334216,48849.498,120073277.163
0.056526,0.017999,1.325398,1.166894,3257.810,800.000,1.333950,48760.898,119845019.664
0.056559,0.018015,1.329254,1.166899,3257.595,800.000,1.333682,48671.658,119615209.592
0.056591,0.018032,1.333111,1.166903,3257.379,800.000,1.333414,48581.787,119383868.765
0.056624,0.018048,1.336968,1.166908,3257.163,800.000,1.333145,48491.294,119151019.046
0.056656,0.018065,1.340827,1.166913,3256.947,800.000,1.332876,48400.188,118916682.342
0.056688,0.018082,1.344686,1.166918,3256.730,800.000,1.332606,48308.476,118680880.596
0.056721,0.018099,1.348545,1.166923,3256.513,800.000,1.332335,48216.168,118443635.786
0.056753,0.018117,1.352405,1.166928,3256.295,800.000,1.332063,48123.273,118204969.920
0.056785,0.018134,1.356265,1.166934,3256.077,800.000,1.331791,48029.798,117964905.028
0.056817,0.018152,1.360126,1.166940,3255.859,800.000,1.331518,47935.753,117723463.165
0.056849,0.018170,1.363987,1.166945,3255.641,800.000,1.331244,47841.147,117480666.399
0.056881,0.018188,1.367848,1.166952,3255.422,800.000,1.330970,47745.988,117236536.813
0.056912,0.018206,1.371709,1.166958,3255.202,800.000,1.330695,47650.285,116991096.498
0.056912,0.018206,1.371709,1.166958,3255.202,800.000,1.330695,47650.285,116991096.498
0.057139,0.018337,1.398505,1.167007,3253.672,800.000,1.328768,46971.883,115253574.250
0.057366,0.018467,1.423731,1.167062,3252.216,800.000,1.326924,46311.946,113566885.730
0.057593,0.018597,1.447631,1.167124,3250.823,800.000,1.325150,45669.427,111927702.944
0.057820,0.018727,1.470392,1.167193,3249.486,800.000,1.323436,45043.431,110333246.539
0.058047,0.018856,1.492158,1.167268,3248.196,800.000,1.321774,44433.179,108781130.679
0.058274,0.018985,1.513044,1.167350,3246.948,800.000,1.320159,43837.976,107269263.779
0.058501,0.019114,1.533145,1.167439,3245.739,800.000,1.318584,43257.192,105795781.973
0.058728,0.019242,1.552538,1.167535,3244.563,800.000,1.317045,42690.253,104359002.803
0.058955,0.019370,1.571288,1.167637,3243.418,800.000,1.315540,42136.629,102957391.889
0.059182,0.019497,1.589450,1.167747,3242.301,800.000,1.314065,41595.828,101589538.264
0.059409,0.019624,1.607073,1.167863,3241.210,800.000,1.312617,41067.391,100254135.659
0.059636,0.019751,1.624197,1.167986,3240.143,800.000,1.311194,40550.886,98949967.987
0.059863,0.019877,1.640858,1.168115,3239.098,800.000,1.309794,40045.905,97675897.869
0.060090,0.020002,1.657087,1.168252,3238.074,800.000,1.308416,39552.066,96430857.386
0.060317,0.020128,1.672913,1.168395,3237.069,800.000,1.307057,39069.004,95213840.534
0.060544,0.020253,1.688361,1.168545,3236.081,800.000,1.305717,38596.374,94023896.952
0.060771,0.020378,1.703452,1.168701,3235.110,800.000,1.304394,38133.846,92860126.666
0.060998,0.020502,1.718206,1.168865,3234.156,800.000,1.303087,37681.107,91721675.608
0.061225,0.020626,1.732643,1.169035,3233.215,800.000,1.301794,37237.858,90607731.782
0.061452,0.020749,1.746778,1.169212,3232.289,800.000,1.300516,36803.812,89517521.926
0.061679,0.020872,1.760626,1.169395,3231.377,800.000,1.299251,36378.696,88450308.606
0.061906,0.020995,1.774202,1.169586,3230.476,800.000,1.297998,35962.248,87405387.638
0.062133,0.021117,1.787517,1.169783,3229.588,800.000,1.296757,35554.215,86382085.818
0.062360,0.021239,1.800584,1.169986,3228.711,800.000,1.295527,35154.356,85379758.874
0.062587,0.021361,1.813413,1.170196,3227.844,800.000,1.294307,34762.440,84397789.644
0.062814,0.021482,1.826013,1.170413,3226.988,800.000,1.293097,34378.244,83435586.413
0.063041,0.021602,1.838395,1.170636,3226.142,800.000,1.291896,34001.553,82492581.415
0.063267,0.021723,1.850567,1.170866,3225.304,800.000,1.290704,33632.161,81568229.462
0.063494,0.021843,1.862537,1.171103,3224.476,800.000,1.289520,33269.869,80662006.688
0.063721,0.021962,1.874312,1.171345,3223.656,800.000,1.288344,32914.487,79773409.395
0.063948,0.022081,1.885899,1.171595,3222.845,800.000,1.287175,32565.829,78901952.992
0.064175,0.022200,1.897305,1.171850,3222.041,800.000,1.286013,32223.718,78047171.014
0.064402,0.022319,1.908536,1.172112,3221.245,800.000,1.284858,31887.982,77208614.202
0.064629,0.022437,1.919598,1.172380,3220.456,800.000,1.283709,31558.456,76385849.667
0.064856,0.022554,1.930495,1.172654,3219.674,800.000,1.282566,31234.980,75578460.088
0.065083,0.022672,1.941235,1.172935,3218.898,800.000,1.281428,30917.400,74786042.984
0.065310,0.022788,1.951820,1.173221,3218.129,800.000,1.280296,30605.565,74008210.019
0.065537,0.022905,1.962257,1.173514,3217.366,800.000,1.279169,30299.333,73244586.356
0.065764,0.023021,1.972548,1.173813,3216.609,800.000,1.278047,29998.563,72494810.051
0.065991,0.023137,1.982699,1.174118,3215.858,800.000,1.276930,29703.121,71758531.478
0.066218,0.023252,1.992714,1.174428,3215.113,800.000,1.275817,29412.876,71035412.796
0.066445,0.023367,2.002595,1.174745,3214.373,800.000,1.274708,29127.702,70325127.438
0.066672,0.023481,2.012347,1.175067,3213.638,800.000,1.273603,28847.477,69627359.631
0.066899,0.023595,2.021973,1.175395,3212.908,800.000,1.272502,28572.083,68941803.949
0.067126,0.023709,2.031477,1.175728,3212.183,800.000,1.271405,28301.404,68268164.879
0.067353,0.023823,2.040860,1.176067,3211.463,800.000,1.270311,28035.330,67606156.415
0.067580,0.023936,2.050128,1.176412,3210.747,800.000,1.269220,27773.754,66955501.678
0.067807,0.024048,2.059281,1.176762,3210.036,800.000,1.268133,27516.570,66315932.546
0.068034,0.024160,2.068323,1.177118,3209.330,800.000,1.267048,27263.679,65687189.308
0.068261,0.024272,2.077257,1.177479,3208.627,800.000,1.265967,27014.981,65069020.337
0.068488,0.024383,2.086085,1.177845,3207.929,800.000,1.264888,26770.382,64461181.773
0.068715,0.024494,2.094809,1.178216,3207.235,800.000,1.263812,26529.789,63863437.225
0.068942,0.024605,2.103432,1.178592,3206.545,800.000,1.262739,26293.113,63275557.487
0.069169,0.024715,2.111956,1.178973,3205.859,800.000,1.261668,26060.267,62697320.269
0.069396,0.024825,2.120383,1.179360,3205.176,800.000,1.260600,25831.167,62128509.934
0.069623,0.024935,2.128715,1.179751,3204.498,800.000,1.259533,25605.730,61568917.253
0.069850,0.025044,2.136954,1.180147,3203.823,800.000,1.258469,25383.878,61018339.172
0.070076,0.025152,2.145102,1.180547,3203.151,800.000,1.257408,25165.532,60476578.582
0.070303,0.025261,2.153161,1.180952,3202.483,800.000,1.256348,24950.619,59943444.107
0.070530,0.025369,2.161133,1.181362,3201.819,800.000,1.255290,24739.064,59418749.898
0.070757,0.025476,2.169018,1.181776,3201.158,800.000,1.254234,24530.797,58902315.433
0.070984,0.025583,2.176820,1.182195,3200.500,800.000,1.253181,24325.749,58393965.335
0.071211,0.025690,2.184539,1.182617,3199.846,800.000,1.252129,24123.852,57893529.182
0.071438,0.025796,2.192177,1.183044,3199.195,800.000,1.251079,23925.043,57400841.344
0.071665,0.025902,2.199736,1.183475,3198.547,800.000,1.250031,23729.257,56915740.809
0.071892,0.026008,2.207217,1.183910,3197.903,800.000,1.248984,23536.433,56438071.030
0.072119,0.026113,2.214621,1.184349,3197.261,800.000,1.247940,23346.510,55967679.770
0.072346,0.026218,2.221950,1.184792,3196.623,800.000,1.246897,23159.431,55504418.955
0.072573,0.026322,2.229204,1.185238,3195.988,800.000,1.245856,22975.138,55048144.535
0.072800,0.026426,2.236387,1.185688,3195.355,800.000,1.244816,22793.576,54598716.351
0.073027,0.026530,2.243497,1.186142,3194.726,800.000,1.243779,22614.691,54155998.000
0.073254,0.026633,2.250537,1.186599,3194.100,800.000,1.242743,22438.431,53719856.718
0.073481,0.026736,2.257509,1.187059,3193.477,800.000,1.241709,22264.745,53290163.253
0.073708,0.026839,2.264412,1.187523,3192.857,800.000,1.240676,22093.583,52866791.759
0.073935,0.026941,2.271248,1.187990,3192.240,800.000,1.239645,21924.896,52449619.676
0.074162,0.027042,2.278019,1.188460,3191.626,800.000,1.238616,21758.638,52038527.632
0.074389,0.027144,2.284724,1.188933,3191.015,800.000,1.237588,21594.761,51633399.334
0.074616,0.027245,2.291366,1.189408,3190.407,800.000,1.236563,21433.222,51234121.477
0.074843,0.027345,2.297945,1.189887,3189.802,800.000,1.235539,21273.976,50840583.642
0.075070,0.027445,2.304462,1.190368,3189.199,800.000,1.234517,21116.981,50452678.210
0.075297,0.027545,2.310918,1.190852,3188.600,800.000,1.233496,20962.196,50070300.273
0.075524,0.027644,2.317314,1.191338,3188.004,800.000,1.232477,20809.579,49693347.548
0.075751,0.027743,2.323650,1.191827,3187.410,800.000,1.231461,20659.091,49321720.299
0.075978,0.027842,2.329929,1.192318,3186.819,800.000,1.230446,20510.694,48955321.253
0.076205,0.027940,2.336150,1.192811,3186.232,800.000,1.229433,20364.350,48594055.530
0.076432,0.028038,2.342314,1.193306,3185.647,800.000,1.228422,20220.021,48237830.569
0.076659,0.028135,2.348422,1.193803,3185.065,800.000,1.227412,20077.673,47886556.053
0.076885,0.028232,2.354475,1.194302,3184.486,800.000,1.226405,19937.271,47540143.848
0.077112,0.028329,2.360473,1.194803,3183.910,800.000,1.225400,19798.779,47198507.932
0.077339,0.028425,2.366418,1.195305,3183.337,800.000,1.224397,19662.165,46861564.337
0.077566,0.028521,2.372310,1.195809,3182.767,800.000,1.223396,19527.396,46529231.083
0.077793,0.028616,2.378150,1.196315,3182.200,800.000,1.222397,19394.440,46201428.122
0.078020,0.028712,2.383938,1.196822,3181.635,800.000,1.221400,19263.267,45878077.283
0.078247,0.028806,2.389675,1.197330,3181.074,800.000,1.220406,19133.845,45559102.211
0.078474,0.028901,2.395362,1.197840,3180.516,800.000,1.219414,19006.145,45244428.323
0.078701,0.028994,2.400999,1.198351,3179.960,800.000,1.218424,18880.139,44933982.749
0.078928,0.029088,2.406587,1.198862,3179.408,800.000,1.217436,18755.797,44627694.286
0.079155,0.029181,2.412126,1.199375,3178.859,800.000,1.216451,18633.093,44325493.351
0.079382,0.029274,2.417618,1.199888,3178.312,800.000,1.215468,18511.998,44027311.934
0.079609,0.029366,2.423063,1.200402,3177.769,800.000,1.214488,18392.487,43733083.551
0.079836,0.029458,2.428461,1.200917,3177.229,800.000,1.213511,18274.534,43442743.206
0.080063,0.029550,2.433812,1.201432,3176.691,800.000,1.212536,18158.113,43156227.345
0.080290,0.029641,2.439118,1.201947,3176.157,800.000,1.211563,18043.200,42873473.819
0.080517,0.029732,2.444379,1.202463,3175.626,800.000,1.210594,17929.770,42594421.842
0.080744,0.029822,2.449596,1.202979,3175.097,800.000,1.209627,17817.800,42319011.955
0.080971,0.029912,2.454768,1.203496,3174.572,800.000,1.208663,17707.267,42047185.988
0.081198,0.030002,2.459897,1.204012,3174.050,800.000,1.207702,17598.147,41778887.028
0.081425,0.030091,2.464983,1.204528,3173.531,800.000,1.206744,17490.419,41514059.383
0.081652,0.030180,2.470026,1.205044,3173.016,800.000,1.205789,17384.061,41252648.546
0.081879,0.030268,2.475027,1.205560,3172.503,800.000,1.204837,17279.052,40994601.168
0.082106,0.030357,2.479986,1.206076,3171.993,800.000,1.203888,17175.371,40739865.025
0.082333,0.030444,2.484904,1.206591,3171.487,800.000,1.202942,17072.997,40488388.987
0.082560,0.030532,2.489781,1.207106,3170.984,800.000,1.201999,16971.911,40240122.989
0.082787,0.030618,2.494618,1.207620,3170.484,800.000,1.201060,16872.093,39995018.005
0.083014,0.030705,2.499415,1.208133,3169.987,800.000,1.200124,16773.524,39753026.020
0.083241,0.030791,2.504173,1.208645,3169.493,800.000,1.199191,16676.185,39514100.001
0.083468,0.030877,2.508891,1.209157,3169.002,800.000,1.198262,16580.058,39278193.874
0.083695,0.030962,2.513571,1.209668,3168.515,800.000,1.197336,16485.125,39045262.500
0.083921,0.031047,2.518212,1.210177,3168.031,800.000,1.196414,16391.368,38815261.649
0.084148,0.031132,2.522815,1.210686,3167.550,800.000,1.195496,16298.770,38588147.975
0.084375,0.031216,2.527381,1.211193,3167.072,800.000,1.194581,16207.314,38363879.000
0.084602,0.031300,2.531909,1.211699,3166.597,800.000,1.193670,16116.984,38142413.084
0.084829,0.031383,2.536401,1.212204,3166.126,800.000,1.192763,16027.762,37923709.411
0.085056,0.031466,2.540856,1.212707,3165.658,800.000,1.191859,15939.634,37707727.961
0.085283,0.031549,2.545275,1.213209,3165.194,800.000,1.190960,15852.584,37494429.497
0.085510,0.031631,2.549658,1.213709,3164.732,800.000,1.190064,15766.596,37283775.543
0.085737,0.031713,2.554006,1.214207,3164.274,800.000,1.189173,15681.655,37075728.363
0.085964,0.031794,2.558318,1.214704,3163.819,800.000,1.188285,15597.746,36870250.946
0.086191,0.031876,2.562596,1.215199,3163.368,800.000,1.187402,15514.856,36667306.986
0.086418,0.031956,2.566839,1.215692,3162.919,800.000,1.186522,15432.969,36466860.867
0.086645,0.032037,2.571048,1.216182,3162.474,800.000,1.185647,15352.073,36268877.644
0.086872,0.032117,2.575223,1.216671,3162.033,800.000,1.184777,15272.152,36073323.029
0.087099,0.032196,2.579365,1.217158,3161.594,800.000,1.183910,15193.195,35880163.373
0.087326,0.032275,2.583473,1.217642,3161.159,800.000,1.183048,15115.187,35689365.652
0.087553,0.032354,2.587548,1.218124,3160.728,800.000,1.182191,15038.116,35500897.453
0.087780,0.032432,2.591590,1.218604,3160.299,800.000,1.181338,14961.969,35314726.959
0.088007,0.032510,2.595600,1.219081,3159.874,800.000,1.180489,14886.734,35130822.934
0.088234,0.032588,2.599578,1.219556,3159.453,800.000,1.179645,14812.399,34949154.711
0.088461,0.032665,2.603524,1.220028,3159.034,800.000,1.178805,14738.951,34769692.176
0.088688,0.032742,2.607438,1.220498,3158.620,800.000,1.177971,14666.378,34592405.759
0.088915,0.032818,2.611321,1.220965,3158.208,800.000,1.177141,14594.670,34417266.419
0.089142,0.032894,2.615173,1.221429,3157.800,800.000,1.176315,14523.815,34244245.633
0.089369,0.032970,2.618993,1.221891,3157.395,800.000,1.175495,14453.801,34073315.384
0.089596,0.033045,2.622784,1.222349,3156.993,800.000,1.174679,14384.618,33904448.149
0.089823,0.033120,2.626544,1.222805,3156.595,800.000,1.173868,14316.255,33737616.887
0.090050,0.033195,2.630273,1.223257,3156.200,800.000,1.173063,14248.702,33572795.033
0.090277,0.033269,2.633973,1.223707,3155.809,800.000,1.172262,14181.947,33409956.479
0.090504,0.033342,2.637643,1.224154,3155.421,800.000,1.171466,14115.981,33249075.573
0.090730,0.033416,2.641284,1.224597,3155.036,800.000,1.170675,14050.795,33090127.102
0.090957,0.033489,2.644895,1.225037,3154.655,800.000,1.169889,13986.377,32933086.286
0.091184,0.033561,2.648478,1.225474,3154.277,800.000,1.169109,13922.718,32777928.768
0.091411,0.033633,2.652032,1.225907,3153.902,800.000,1.168334,13859.809,32624630.603
0.091638,0.033705,2.655557,1.226338,3153.531,800.000,1.167563,13797.640,32473168.253
0.091865,0.033776,2.659054,1.226765,3153.163,800.000,1.166798,13736.202,32323518.574
0.092092,0.033847,2.662522,1.227188,3152.798,800.000,1.166039,13675.487,32175658.809
0.092319,0.033918,2.665963,1.227608,3152.437,800.000,1.165284,13615.484,32029566.581
0.092546,0.033988,2.669376,1.228024,3152.079,800.000,1.164535,13556.186,31885219.885
0.092773,0.034058,2.672762,1.228437,3151.724,800.000,1.163792,13497.584,31742597.077
0.093000,0.034127,2.676120,1.228846,3151.373,800.000,1.163053,13439.670,31601676.872
0.093227,0.034196,2.679451,1.229252,3151.025,800.000,1.162320,13382.434,31462438.329
0.093454,0.034265,2.682755,1.229654,3150.681,800.000,1.161593,13325.869,31324860.853
0.093681,0.034333,2.686032,1.230052,3150.339,800.000,1.160871,13269.967,31188924.180
0.093908,0.034401,2.689283,1.230446,3150.001,800.000,1.160154,13214.720,31054608.373
0.094135,0.034469,2.692507,1.230837,3149.667,800.000,1.159444,13160.120,30921893.819
0.094362,0.034536,2.695705,1.231223,3149.335,800.000,1.158738,13106.159,30790761.215
0.094589,0.034602,2.698877,1.231606,3149.007,800.000,1.158038,13052.831,30661191.569
0.094816,0.034669,2.702024,1.231985,3148.682,800.000,1.157344,13000.126,30533166.189
0.095043,0.034735,2.705144,1.232360,3148.361,800.000,1.156656,12948.039,30406666.680
0.095270,0.034800,2.708239,1.232731,3148.042,800.000,1.155973,12896.562,30281674.934
0.095497,0.034865,2.711308,1.233098,3147.727,800.000,1.155295,12845.688,30158173.131
0.095724,0.034930,2.714353,1.233462,3147.416,800.000,1.154624,12795.409,30036143.728
0.095951,0.034995,2.717372,1.233821,3147.107,800.000,1.153958,12745.720,29915569.453
0.096178,0.035059,2.720366,1.234176,3146.802,800.000,1.153298,12696.613,29796433.304
0.096405,0.035122,2.723336,1.234527,3146.500,800.000,1.152643,12648.081,29678718.543
0.096632,0.035185,2.726281,1.234874,3146.201,800.000,1.151994,12600.118,29562408.686
0.096859,0.035248,2.729201,1.235217,3145.905,800.000,1.151351,12552.719,29447487.506
0.097086,0.035311,2.732098,1.235555,3145.613,800.000,1.150714,12505.875,29333939.019
0.097313,0.035373,2.734970,1.235890,3145.323,800.000,1.150083,12459.581,29221747.489
0.097539,0.035434,2.737818,1.236221,3145.037,800.000,1.149457,12413.832,29110897.416
0.097766,0.035495,2.740642,1.236547,3144.754,800.000,1.148837,12368.620,29001373.536
0.097993,0.035556,2.743443,1.236869,3144.474,800.000,1.148223,12323.939,28893160.812
0.098220,0.035617,2.746220,1.237187,3144.198,800.000,1.147614,12279.785,28786244.437
0.098447,0.035677,2.748973,1.237501,3143.924,800.000,1.147012,12236.151,28680609.821
0.098674,0.035737,2.751704,1.237810,3143.654,800.000,1.146415,12193.032,28576242.596
0.098901,0.035796,2.754411,1.238116,3143.386,800.000,1.145824,12150.421,28473128.605
0.099128,0.035855,2.757095,1.238417,3143.122,800.000,1.145239,12108.313,28371253.901
0.099355,0.035913,2.759756,1.238714,3142.861,800.000,1.144660,12066.704,28270604.743
0.099582,0.035972,2.762394,1.239007,3142.602,800.000,1.144086,12025.586,28171167.593
0.099809,0.036029,2.765010,1.239295,3142.347,800.000,1.143518,11984.956,28072929.111
0.100036,0.036087,2.767603,1.239580,3142.095,800.000,1.142957,11944.808,27975876.154
0.100263,0.036144,2.770174,1.239860,3141.846,800.000,1.142400,11905.137,27879995.768
0.100490,0.036200,2.772722,1.240136,3141.600,800.000,1.141850,11865.937,27785275.191
0.100717,0.036256,2.775248,1.240407,3141.357,800.000,1.141306,11827.204,27691701.844
0.100944,0.036312,2.777752,1.240675,3141.116,800.000,1.140767,11788.933,27599263.330
0.101171,0.036368,2.780235,1.240938,3140.879,800.000,1.140234,11751.118,27507947.432
0.101398,0.036423,2.782695,1.241197,3140.645,800.000,1.139707,11713.756,27417742.109
0.101625,0.036477,2.785134,1.241452,3140.413,800.000,1.139186,11676.842,27328635.493
0.101852,0.036532,2.787551,1.241703,3140.185,800.000,1.138670,11640.370,27240615.885
0.102079,0.036586,2.789946,1.241949,3139.959,800.000,1.138160,11604.336,27153671.754
0.102306,0.036639,2.792320,1.242192,3139.736,800.000,1.137656,11568.736,27067791.735
0.102533,0.036692,2.794673,1.242430,3139.516,800.000,1.137158,11533.565,26982964.623
0.102760,0.036745,2.797005,1.242664,3139.299,800.000,1.136665,11498.819,26899179.373
0.102987,0.036797,2.799316,1.242895,3139.085,800.000,1.136178,11464.494,26816425.095
0.103214,0.036849,2.801605,1.243121,3138.874,800.000,1.135697,11430.584,26734691.057
0.103441,0.036901,2.803874,1.243342,3138.665,800.000,1.135221,11397.087,26653966.674
0.103668,0.036952,2.806122,1.243560,3138.459,800.000,1.134751,11363.998,26574241.514
0.103895,0.037003,2.808349,1.243774,3138.256,800.000,1.134287,11331.313,26495505.289
0.104122,0.037053,2.810556,1.243984,3138.055,800.000,1.133828,11299.027,26417747.858
0.104348,0.037103,2.812742,1.244190,3137.857,800.000,1.133375,11267.137,26340959.221
0.104575,0.037153,2.814908,1.244391,3137.662,800.000,1.132928,11235.639,26265129.519
0.104802,0.037202,2.817053,1.244589,3137.470,800.000,1.132486,11204.529,26190249.029
0.105029,0.037251,2.819178,1.244783,3137.280,800.000,1.132050,11173.804,26116308.167
0.105256,0.037299,2.821284,1.244973,3137.093,800.000,1.131619,11143.459,26043297.480
0.105483,0.037347,2.823369,1.245159,3136.908,800.000,1.131193,11113.490,25971207.650
0.105710,0.037395,2.825434,1.245342,3136.726,800.000,1.130773,11083.895,25900029.484
0.105937,0.037442,2.827479,1.245520,3136.547,800.000,1.130359,11054.669,25829753.923
0.106164,0.037489,2.829505,1.245695,3136.370,800.000,1.129950,11025.809,25760372.029
0.106391,0.037535,2.831510,1.245866,3136.196,800.000,1.129546,10997.312,25691874.992
0.106618,0.037581,2.833496,1.246033,3136.024,800.000,1.129148,10969.173,25624254.122
0.106845,0.037627,2.835463,1.246196,3135.855,800.000,1.128755,10941.390,25557500.851
0.107072,0.037672,2.837410,1.246356,3135.688,800.000,1.128368,10913.960,25491606.728
0.107299,0.037717,2.839338,1.246512,3135.524,800.000,1.127985,10886.878,25426563.424
0.107526,0.037762,2.841246,1.246664,3135.362,800.000,1.127608,10860.142,25362362.720
0.107753,0.037806,2.843136,1.246813,3135.203,800.000,1.127237,10833.748,25298996.515
0.107980,0.037850,2.845006,1.246959,3135.045,800.000,1.126870,10807.694,25236456.820
0.108207,0.037893,2.846857,1.247101,3134.891,800.000,1.126509,10781.976,25174735.756
0.108434,0.037936,2.848689,1.247239,3134.738,800.000,1.126153,10756.591,25113825.553
0.108661,0.037979,2.850502,1.247374,3134.588,800.000,1.125801,10731.535,25053718.551
0.108888,0.038021,2.852296,1.247505,3134.441,800.000,1.125455,10706.807,24994407.195
0.109115,0.038063,2.854072,1.247633,3134.295,800.000,1.125114,10682.403,24935884.037
0.109342,0.038104,2.855828,1.247758,3134.152,800.000,1.124778,10658.320,24878141.732
0.109569,0.038145,2.857566,1.247880,3134.012,800.000,1.124447,10634.555,24821173.036
0.109796,0.038186,2.859286,1.247998,3133.873,800.000,1.124121,10611.105,24764970.809
0.110023,0.038226,2.860987,1.248113,3133.737,800.000,1.123800,10587.968,24709528.008
0.110250,0.038266,2.862669,1.248225,3133.602,800.000,1.123484,10565.141,24654837.693
0.110477,0.038306,2.864333,1.248334,3133.470,800.000,1.123173,10542.621,24600893.017
0.110704,0.038345,2.865979,1.248439,3133.340,800.000,1.122866,10520.405,24547687.232
0.110931,0.038383,2.867607,1.248542,3133.213,800.000,1.122564,10498.491,24495213.684
0.111157,0.038422,2.869216,1.248641,3133.087,800.000,1.122267,10476.877,24443465.814
0.111384,0.038460,2.870807,1.248738,3132.964,800.000,1.121975,10455.558,24392437.155
0.111611,0.038497,2.872381,1.248832,3132.842,800.000,1.121687,10434.534,24342121.334
0.111838,0.038534,2.873936,1.248923,3132.723,800.000,1.121404,10413.802,24292512.065
0.112065,0.038571,2.875473,1.249011,3132.605,800.000,1.121126,10393.358,24243603.154
0.112292,0.038608,2.876992,1.249096,3132.490,800.000,1.120852,10373.201,24195388.497
0.112519,0.038644,2.878494,1.249178,3132.377,800.000,1.120583,10353.328,24147862.076
0.112746,0.038679,2.879977,1.249258,3132.265,800.000,1.120318,10333.738,24101017.960
0.112973,0.038714,2.881443,1.249335,3132.156,800.000,1.120057,10314.426,24054850.304
0.113200,0.038749,2.882891,1.249409,3132.048,800.000,1.119801,10295.392,24009353.348
0.113427,0.038784,2.884322,1.249481,3131.943,800.000,1.119550,10276.634,23964521.416
0.113654,0.038818,2.885735,1.249551,3131.839,800.000,1.119302,10258.147,23920348.916
0.113881,0.038851,2.887130,1.249618,3131.737,800.000,1.119059,10239.932,23876830.338
0.114108,0.038885,2.888508,1.249682,3131.637,800.000,1.118821,10221.985,23833960.251
0.114335,0.038917,2.889869,1.249744,3131.539,800.000,1.118586,10204.304,23791733.309
0.114562,0.038950,2.891212,1.249804,3131.443,800.000,1.118356,10186.887,23750144.243
0.114789,0.038982,2.892538,1.249861,3131.348,800.000,1.118129,10169.733,23709187.864
0.115016,0.039014,2.893847,1.249916,3131.255,800.000,1.117907,10152.839,23668859.060
0.115243,0.039045,2.895138,1.249969,3131.164,800.000,1.117689,10136.202,23629152.799
0.115470,0.039076,2.896413,1.250020,3131.075,800.000,1.117475,10119.822,23590064.124
0.115697,0.039107,2.897670,1.250069,3130.987,800.000,1.117265,10103.696,23551588.156
0.115924,0.039137,2.898910,1.250116,3130.901,800.000,1.117058,10087.823,23513720.089
0.116151,0.039167,2.900133,1.250160,3130.817,800.000,1.116856,10072.199,23476455.194
0.116378,0.039196,2.901339,1.250203,3130.735,800.000,1.116658,10056.825,23439788.815
0.116605,0.039225,2.902528,1.250244,3130.654,800.000,1.116463,10041.697,23403716.370
0.116832,0.039254,2.903700,1.250282,3130.574,800.000,1.116272,10026.814,23368233.351
0.117059,0.039282,2.904855,1.250319,3130.496,800.000,1.116085,10012.174,23333335.320
0.117286,0.039310,2.905993,1.250355,3130.420,800.000,1.115901,9997.775,23299017.912
0.117513,0.039337,2.907115,1.250388,3130.346,800.000,1.115721,9983.616,23265276.834
0.117740,0.039364,2.908220,1.250420,3130.273,800.000,1.115545,9969.696,23232107.863
0.117966,0.039391,2.909308,1.250450,3130.201,800.000,1.115373,9956.011,23199506.846
0.118193,0.039417,2.910379,1.250478,3130.131,800.000,1.115203,9942.562,23167469.698
0.118420,0.039443,2.911434,1.250505,3130.062,800.000,1.115038,9929.345,23135992.406
0.118647,0.039468,2.912472,1.250531,3129.995,800.000,1.114876,9916.360,23105071.023
0.118874,0.039493,2.913494,1.250555,3129.929,800.000,1.114717,9903.606,23074701.672
0.119101,0.039518,2.914499,1.250577,3129.865,800.000,1.114562,9891.079,23044880.543
0.119328,0.039543,2.915487,1.250599,3129.802,800.000,1.114410,9878.780,23015603.892
0.119555,0.039566,2.916460,1.250618,3129.741,800.000,1.114261,9866.706,22986868.043
0.119782,0.039590,2.917415,1.250637,3129.681,800.000,1.114115,9854.857,22958669.385
0.120009,0.039613,2.918354,1.250654,3129.622,800.000,1.113973,9843.230,22931004.374
0.120236,0.039636,2.919277,1.250670,3129.565,800.000,1.113834,9831.824,22903869.531
0.120463,0.039658,2.920184,1.250685,3129.508,800.000,1.113698,9820.639,22877261.442
0.120690,0.039680,2.921074,1.250699,3129.454,800.000,1.113565,9809.672,22851176.758
0.120917,0.039702,2.921948,1.250712,3129.400,800.000,1.113436,9798.922,22825612.193
0.121144,0.039723,2.922806,1.250723,3129.348,800.000,1.113309,9788.389,22800564.526
0.121371,0.039744,2.923647,1.250734,3129.297,800.000,1.113186,9778.070,22776030.599
0.121598,0.039764,2.924473,1.250744,3129.247,800.000,1.113065,9767.965,22752007.318
0.121825,0.039785,2.925282,1.250752,3129.199,800.000,1.112947,9758.072,22728491.650
0.122052,0.039804,2.926075,1.250760,3129.152,800.000,1.112832,9748.391,22705480.626
0.122279,0.039823,2.926852,1.250767,3129.106,800.000,1.112720,9738.919,22682971.340
0.122506,0.039842,2.927613,1.250774,3129.061,800.000,1.112611,9729.657,22660960.945
0.122733,0.039861,2.928358,1.250779,3129.017,800.000,1.112505,9720.602,22639446.658
0.122960,0.039879,2.929086,1.250784,3128.974,800.000,1.112401,9711.754,22618425.758
0.123187,0.039897,2.929799,1.250788,3128.933,800.000,1.112301,9703.111,22597895.581
0.123414,0.039914,2.930496,1.250791,3128.893,800.000,1.112203,9694.673,22577853.529
0.123641,0.039931,2.931177,1.250794,3128.853,800.000,1.112107,9686.439,22558297.060
0.123868,0.039947,2.931842,1.250796,3128.815,800.000,1.112014,9678.407,22539223.695
0.124095,0.039964,2.932491,1.250798,3128.778,800.000,1.111924,9670.577,22520631.013
0.124322,0.039979,2.933124,1.250799,3128.742,800.000,1.111837,9662.948,22502516.655
0.124549,0.039995,2.933741,1.250800,3128.708,800.000,1.111752,9655.518,22484878.320
0.124776,0.040010,2.934343,1.250800,3128.674,800.000,1.111669,9648.288,22467713.767
