x_m,radius_m,mach,temperature_K,pressure_bar,gamma
0.0,0.06,0.04939490948976173,3302.696319135601,29.95753466806064,1.1612591437734057
0.00023594251073635886,0.059718814665184236,0.04986224325389226,3302.6838565917847,29.95672696583203,1.1612865754258812
0.00047188502147272465,0.059437629330368474,0.050336260614962346,3302.6710944184856,29.9558999535808,1.1613140070783567
0.0007078275322090835,0.05915644399555273,0.05081709016999972,3302.658023927017,29.955053073904377,1.161341438730832
0.0009437700429454493,0.058875258660736965,0.051304863643652415,3302.6446361327885,29.954185750499008,1.1613688703833076
0.0011797125536818082,0.05859407332592122,0.05179971597703227,3302.630921743791,29.953297387427956,1.1613963020357831
0.001415655064418174,0.058312887991105455,0.052301785426321065,3302.616871148405,29.952387368346123,1.1614237336882587
0.0016515975751545328,0.058031702656289694,0.05281121366059937,3302.6024744027636,29.951455055697114,1.1614511653407342
0.0018875400858908917,0.057750517321473946,0.05332814586435207,3302.587721217526,29.950499789872786,1.1614785969932098
0.0021234825966272575,0.057469331986658184,0.05385273084357765,3302.572600944043,29.94952088833447,1.161506028645685
0.0023594251073636163,0.05718814665184242,0.05438512113567746,3302.5571025599106,29.948517644695265,1.1615334602981606
0.002595367618099982,0.05690696131702666,0.054925473123292545,3302.541214653843,29.947489327759833,1.1615608919506362
0.002831310128836341,0.05662577598221091,0.05547394715225605,3302.524925409869,29.946435180520982,1.1615883236031117
0.0030672526395727068,0.05634459064739515,0.05603070765383601,3302.5082225907904,29.94535441911003,1.1616157552555872
0.0033031951503090656,0.05606340531257939,0.05659592327145119,3302.491093520869,29.94424623169824,1.1616431869080628
0.0035391376610454245,0.05578221997776364,0.057169766992049356,3302.473525067718,29.94310977734826,1.161670618560538
0.0037750801717817903,0.05550103464294788,0.057752416282348125,3302.4555036233264,29.941944184810815,1.1616980502130136
0.004011022682518149,0.05521984930813213,0.05834405323054933,3302.4370150841924,29.940748551265244,1.1617254818654892
0.004246965193254515,0.05493866397331637,0.05894486469102388,3302.4180448305738,29.93952194100447,1.1617529135179647
0.004482907703990874,0.05465747863850061,0.05955504244008816,3302.3985777045805,29.93826338404673,1.1617803451704403
0.004718850214727233,0.05437629330368486,0.06017478333057174,3302.3785979874333,29.93697187469543,1.1618077768229158
0.0049547927254635984,0.0540951079688691,0.060804289457120776,3302.358089375476,29.93564637001993,1.1618352084753911
0.005190735236199957,0.05381392263405334,0.0614437683262779,3302.33703495507,29.93428578826628,1.1618626401278667
0.005426677746936323,0.053532737299237576,0.06209343303323938,3302.315417176263,29.932889007191033,1.1618900717803422
0.005662620257672682,0.05325155196442183,0.06275350244547735,3302.293217825162,29.931454862313238,1.1619175034328177
0.005898562768409041,0.05297036662960607,0.06342420139319421,3302.2704179949546,29.929982145081816,1.1619449350852933
0.006134505279145407,0.052689181294790305,0.06410576086976355,3302.246998055405,29.928469600946933,1.1619723667377686
0.0063704477898817655,0.05240799595997456,0.06479841823365404,3302.22293762105,29.926915927349995,1.1619997983902441
0.006606390300618131,0.052126810625158795,0.06550241742713857,3302.1982155174874,29.925319771593788,1.1620272300427197
0.00684233281135449,0.05184562529034305,0.06621800919716542,3302.1728097461996,29.923679728620577,1.1620546616951952
0.007078275322090856,0.051564439955527286,0.06694545132782374,3302.146697447482,29.921994338671837,1.1620820933476708
0.007314217832827215,0.051283254620711524,0.06768500888182627,3302.119854861499,29.920262084830238,1.1621095250001463
0.007550160343563581,0.05100206928589576,0.06843695445089788,3302.092257287362,29.918481390438092,1.1621369566526216
0.007786102854299939,0.050720883951080015,0.06920156842075148,3302.0638790399316,29.916650616372927,1.1621643883050972
0.008022045365036298,0.05043969861626425,0.06997913923844384,3302.03469340469,29.914768058202952,1.1621918199575727
0.008257987875772664,0.05015851328144849,0.07076996370062312,3302.0046725898765,29.91283194317059,1.1622192516100482
0.008493930386509023,0.049877327946632743,0.07157434724752167,3301.973787676335,29.91084042703391,1.1622466832625238
0.008729872897245389,0.04959614261181698,0.07239260427167726,3301.9420085646157,29.908791590735625,1.1622741149149993
0.008965815407981748,0.04931495727700122,0.07322505843947626,3301.9093039192494,29.906683436896508,1.1623015465674746
0.009201757918718106,0.04903377194218547,0.07407204302650744,3301.8756411100326,29.90451388612159,1.1623289782199502
0.009437700429454472,0.04875258660736971,0.07493390126742477,3301.8409861501204,29.902280773107726,1.1623564098724257
0.009673642940190831,0.04847140127255396,0.07581098672105664,3301.80530363075,29.899981842541084,1.1623838415249013
0.009909585450927197,0.04819021593773819,0.0767036636515443,3301.7685566523724,29.897614744771072,1.1624112731773768
0.010145527961663556,0.04790903060292244,0.0776123074263357,3301.730706751979,29.895177031247368,1.1624387048298523
0.010381470472399915,0.04762784526810669,0.0785373049319164,3301.6917138263857,29.892666149705448,1.1624661364823277
0.01061741298313628,0.04734665993329093,0.07947905500820526,3301.651536051209,29.89007943908484,1.1624935681348032
0.010853355493872646,0.04706547459847517,0.08043796890260423,3301.610129795277,29.887414124163286,1.1625209997872787
0.011089298004609005,0.04678428926365941,0.08141447074475168,3301.5674495301714,29.88466730988928,1.1625484314397543
0.011325240515345364,0.04650310392884366,0.08240899804309447,3301.523447734597,29.88183597539346,1.1625758630922298
0.01156118302608173,0.0462219185940279,0.08342200220446228,3301.4780747932305,29.87891696765817,1.1626032947447051
0.011797125536818089,0.045940733259212135,0.08445394907788836,3301.4312788897064,29.87590699482406,1.1626307263971807
0.012033068047554454,0.045659547924396374,0.0855053195240589,3301.38300589334,29.872802619108985,1.1626581580496562
0.012269010558290813,0.045378362589580626,0.08657661001175905,3301.3331992391754,29.869600249314626,1.1626855897021318
0.012504953069027172,0.045097177254764864,0.08766833324287468,3301.2817998009236,29.866296132893734,1.1627130213546073
0.012740895579763538,0.0448159919199491,0.08878101880755306,3301.2287457562975,29.862886347548486,1.1627404530070828
0.012976838090499897,0.044534806585133355,0.08991521387124898,3301.173972444237,29.85936679232859,1.1627678846595582
0.013212780601236263,0.04425362125031759,0.09107148389549703,3301.1174122134653,29.855733178195845,1.1627953163120337
0.013448723111972621,0.043972435915501845,0.09225041339437165,3301.0589942617926,29.851981018018883,1.1628227479645092
0.01368466562270898,0.043691250580686083,0.09345260672873976,3300.998644465505,29.84810561595885,1.1628501796169848
0.013920608133445346,0.04341006524587032,0.09467868894054168,3300.936285198153,29.844102056203855,1.1628776112694603
0.014156550644181705,0.043128879911054574,0.09592930662950315,3300.871835138004,29.839965191008066,1.1629050429219359
0.01439249315491807,0.04284769457623881,0.09720512887484717,3300.8052090633255,29.835689627985165,1.1629324745744112
0.01462843566565443,0.04256650924142305,0.09850684820475214,3300.7363176346553,29.83126971660501,1.1629599062268867
0.014864378176390788,0.0422853239066073,0.09983518161650538,3300.6650671630905,29.826699533835587,1.1629873378793623
0.015100320687127154,0.04200413857179154,0.10119087165051516,3300.5913593635933,29.821972868869754,1.1630147695318378
0.01533626319786352,0.04172295323697578,0.1025746875212426,3300.5150910922134,29.81708320687124,1.1630422011843133
0.015572205708599879,0.04144176790216002,0.10398742631093404,3300.43615406592,29.81202371166044,1.1630696328367889
0.015808148219336238,0.04116058256734427,0.10542991422358508,3300.354434564095,29.806787207285332,1.1630970644892642
0.016044090730072597,0.04087939723252852,0.10690300791369017,3300.2698131097122,29.80136615835717,1.1631244961417397
0.016280033240808962,0.04059821189771276,0.10840759588463357,3300.182164129214,29.79575264909363,1.1631519277942153
0.016515975751545328,0.040317026562897,0.10994459996681924,3300.091355589128,29.789938360952736,1.1631793594466908
0.016751918262281687,0.04003584122808124,0.11151497687942706,3299.99724860771,29.783914548755106,1.1632067910991664
0.01698786077301805,0.039754655893265475,0.11311971988156684,3299.899697039627,29.77767201517752,1.1632342227516417
0.01722380328375441,0.03947347055844973,0.11475986051899366,3299.7985470315557,29.771201083491597,1.1632616544041172
0.01745974579449077,0.039192285223633966,0.11643647047304341,3299.6936365463534,29.764491568409554,1.1632890860565928
0.017695688305227133,0.03891109988881822,0.11815066351908265,3299.584794853257,29.75753274488673,1.1633165177090683
0.017931630815963495,0.038629914554002456,0.11990359760155231,3299.471841981365,29.750313314720255,1.1633439493615438
0.018167573326699857,0.038348729219186695,0.12169647703621732,3299.3545881332498,29.742821370757294,1.1633713810140194
0.01840351583743622,0.03806754388437093,0.12353055484566003,3299.2328330555424,29.735044358530036,1.1633988126664947
0.018639458348172582,0.037786358549555185,0.12540713523858366,3299.1063653628516,29.72696903510399,1.1634262443189702
0.018875400858908944,0.03750517321473942,0.12732757625048133,3298.9749618105557,29.718581424877545,1.1634536759714458
0.019111343369645303,0.037223987879923676,0.1292932925435547,3298.8383865130177,29.70986677213728,1.1634811076239213
0.019347285880381666,0.036942802545107914,0.13130575839328817,3298.6963901014524,29.70080949002888,1.1635085392763969
0.019583228391118028,0.03666161721029215,0.13336651086702744,3298.5487088167256,29.691393105674443,1.1635359709288724
0.01981917090185439,0.03638043187547639,0.13547715321198625,3298.3950635311326,29.681600201091378,1.1635634025813477
0.020055113412590753,0.03609924654066064,0.13763935847370173,3298.2351586924206,29.67141234952409,1.1635908342338233
0.020291055923327115,0.03581806120584488,0.13985487335133068,3298.0686811838455,29.660810046837973,1.1636182658862988
0.020526998434063474,0.03553687587102913,0.14212552232849404,3297.8952990910834,29.649772637441213,1.1636456975387743
0.020762940944799836,0.03525569053621337,0.14445321208444184,3297.7146603685983,29.63827823432212,1.1636731291912499
0.0209988834555362,0.03497450520139761,0.14683993622004518,3297.5263913951435,29.626303632609215,1.1637005608437252
0.02123482596627256,0.03469331986658185,0.1492877803223231,3297.330095407963,29.613824216065343,1.1637279924962007
0.021470768477008923,0.0344121345317661,0.15179892739768192,3297.1253508038517,29.600813855846376,1.1637554241486763
0.021706710987745285,0.03413094919695034,0.1543756637067389,3296.9117092938923,29.587244800782724,1.1637828558011518
0.021942653498481644,0.033849763862134584,0.1570203850371008,3296.688693897218,29.573087558361976,1.1638102874536274
0.022178596009218007,0.03356857852731883,0.15973560345443255,3296.455796757443,29.558310765498373,1.163837719106103
0.02241453851995437,0.03328739319250307,0.1625239545766161,3296.212476763458,29.54288104807008,1.1638651507585782
0.02265048103069073,0.03300620785768731,0.1653882054208371,3295.95815695415,29.526762868090287,1.1638925824110538
0.022886423541427094,0.03272502252287156,0.16833126287916733,3295.69222168407,29.509918357242785,1.1639200140635293
0.023122366052163456,0.032443837188055796,0.1713561828846335,3295.414013524293,29.492307135364484,1.1639474457160048
0.02335830856289982,0.032162651853240035,0.17446618033734085,3295.122829869444,29.473886112284028,1.1639748773684804
0.023594251073636177,0.03188146651842429,0.17766463986830655,3294.817919218183,29.4546092712318,1.164002309020956
0.02383019358437254,0.031600281183608525,0.1809551275286145,3294.498477090213,29.434427431814477,1.1640297406734312
0.024066136095108902,0.03131909584879277,0.18434140350233888,3294.163641537966,29.413287990290296,1.1640571723259068
0.024302078605845264,0.031037910513977012,0.18782743595441326,3293.8124882055236,29.3911346345909,1.1640846039783823
0.024538021116581626,0.030756725179161254,0.19141741613922594,3293.444024880824,29.36790703119919,1.1641120356308579
0.02477396362731799,0.030475539844345496,0.19511577491258558,3293.05718547967,29.34354048060325,1.1641394672833334
0.025009906138054348,0.03019435450952974,0.19892720080925877,3292.650823391309,29.317965537601555,1.164166898935809
0.02524584864879071,0.029913169174713986,0.20285665987099477,3292.2237041051594,29.29110759221214,1.1641943305882843
0.025481791159527072,0.029631983839898228,0.20690941743683444,3291.774497026273,29.262886406333894,1.1642217622407598
0.025717733670263435,0.02935079850508247,0.21109106213542672,3291.3017663735177,29.23321560062514,1.1642491938932353
0.025953676180999797,0.02906961317026671,0.21540753236638116,3290.8039610367623,29.20200208516316,1.1642766255457109
0.02618961869173616,0.028788427835450953,0.21986514557822232,3290.279403252428,29.169145426638657,1.1643040571981864
0.026425561202472518,0.0285072425006352,0.22447063072994267,3289.726275930539,29.134537143496907,1.1643314888506617
0.02666150371320888,0.028226057165819444,0.22923116435937824,3289.14260844171,29.09805991925809,1.1643589205031373
0.026897446223945243,0.027944871831003686,0.23415441076612203,3288.5262606383467,29.05958672255846,1.1643863521556128
0.027133388734681605,0.027663686496187927,0.23924856689856738,3287.874904845609,29.018979820575257,1.1644137838080884
0.027369331245417967,0.02738250116137217,0.24452241263840074,3287.186005510328,28.97608967020927,1.164441215460564
0.02760527375615433,0.02710131582655641,0.249985367301466,3286.4567961388375,28.930753668645558,1.1644686471130394
0.027841216266890692,0.026820130491740653,0.25564755332404515,3285.684253085251,28.882794741600602,1.1644960787655148
0.02807715877762705,0.0265389451569249,0.26151986829066065,3284.8650656664577,28.832019743512614,1.1645235104179903
0.028244014844565235,0.02634209227274888,0.2657622726803557,3284.2618561181807,28.79468482753143,1.164542909794675
0.02841087091150342,0.026149144434870084,0.2700301718286651,3283.6453611965453,28.756575567139055,1.1645623091713595
0.028577726978441603,0.025959970528703195,0.27432414041563136,3283.015331314839,28.717679501085634,1.164581708548044
0.028744583045379787,0.025774447643035967,0.27864472081155417,3282.371515950234,28.677984242566858,1.1646011079247287
0.02891143911231797,0.025592460369908036,0.282992425722421,3281.713663560936,28.637477477778642,1.164620507301413
0.029078295179256156,0.02541390017988555,0.28736774053652303,3281.0415215183057,28.59614696549576,1.1646399066780977
0.02924515124619434,0.02523866486302471,0.2917711254127037,3280.3548360520304,28.553980537548966,1.1646593060547823
0.029412007313132524,0.025066658027261966,0.2962030171433393,3279.6533522068976,28.510966100105975,1.164678705431467
0.029578863380070708,0.024897788647170675,0.3006638308204084,3278.9368138099235,28.46709163567329,1.1646981048081515
0.029745719447008892,0.024731970657028455,0.3051539613289341,3278.2049634467658,28.422345205748343,1.164717504184836
0.029912575513947076,0.02456912258298248,0.309673784688631,3277.457542446524,28.376714954061043,1.1647369035615205
0.03007943158088526,0.02440916720981051,0.31422365926173107,3276.694290874128,28.330189110351345,1.164756302938205
0.030246287647823444,0.02425203127837605,0.31880392684251413,3275.9149475296526,28.282755994636844,1.1647757023148897
0.03041314371476163,0.024097645210386487,0.32341491364201297,3275.1192499539793,28.23440402193047,1.1647951016915743
0.030579999781699813,0.023945942857497463,0.32805693117960893,3274.3069344402925,28.185121707371753,1.164814501068259
0.030746855848637997,0.023796861272178477,0.33273027709195335,3273.477736050943,28.134897671738564,1.1648339004449435
0.03091371191557618,0.023650340498073276,0.33743523586690394,3272.6313886395083,28.083720647323684,1.164853299821628
0.031080567982514365,0.02350632337786283,0.34217207951341844,3271.767624877179,28.031579484118343,1.1648726991983125
0.03124742404945255,0.02336475537687518,0.34694106817023934,3270.88617628388,27.97846315632275,1.164892098574997
0.03141428011639073,0.02322558442089121,0.3517424506624393,3269.986773263353,27.924360769130683,1.1649114979516817
0.03158113618332892,0.02308876074677302,0.35657646501003915,3269.069145142159,27.86926156578113,1.1649308973283663
0.0317479922502671,0.022954236764696094,0.3614433388936477,3268.1330202123786,27.813154934857437,1.164950296705051
0.031914848317205285,0.02282196693090129,0.36634329008134886,3267.1781257778157,27.756030417816874,1.1649696960817355
0.03208170438414347,0.022691907630000546,0.3712765268205986,3266.2041882035373,27.69787771673453,1.1649890954584199
0.032248560451081654,0.022564017065973548,0.3762432481984887,3265.2109329686086,27.638686702247462,1.1650084948351045
0.03241541651801984,0.02243825516108331,0.3812436444733616,3264.1980847218847,27.578447421683933,1.165027894211789
0.03258227258495802,0.02231458346201856,0.38627789738047047,3263.1653673407263,27.517150107364152,1.1650472935884737
0.032749128651896206,0.022192965052641407,0.3913461804140779,3262.112503992539,27.45478518505961,1.1650666929651583
0.03291598471883439,0.022073364472780962,0.39644865908816185,3261.039217199022,27.3913432825974,1.165086092341843
0.033082840785772574,0.021955747642568968,0.4015854911776685,3259.945228903027,27.3268152385972,1.1651054917185273
0.03324969685271076,0.021840081791862448,0.40675682694205917,3258.830260537942,27.261192111327993,1.165124891095212
0.03341655291964894,0.02172633539434198,0.41196280933275115,3257.6940330995108,27.19446518767256,1.1651442904718965
0.03358340898658713,0.02161447810591308,0.4172035741858664,3256.5362672199954,27.126625992186757,1.165163689848581
0.03375026505352531,0.021504480707072865,0.42247925040159945,3255.3566832446163,27.057666296241575,1.1651830892252657
0.033917121120463495,0.021396315048935122,0.42778996011136916,3254.1550013101937,26.98757812723603,1.1652024886019503
0.03408397718740168,0.021289954002634677,0.4331358188338418,3252.9309414258937,26.91635377786734,1.1652218879786347
0.03425083325433986,0.0211853714118569,0.4385169356205272,3251.6842235561026,26.843985815450917,1.1652412873553193
0.03441768932127805,0.021082542048260555,0.4439334131936019,3250.4145677049178,26.77046709125271,1.165260686732004
0.03458454538821623,0.020981441569582215,0.44938534807161845,3249.121694003395,26.69579074989117,1.1652800861086885
0.034751401455154415,0.020882046480228796,0.4548728306921621,3247.8053227975615,26.619950238684442,1.165299485485373
0.0349182575220926,0.020784334094180953,0.4603959455241877,3246.4651747389403,26.54293931703592,1.1653188848620577
0.035085113589030784,0.020688282500044987,0.46595477117507206,3245.100970876528,26.46475206578686,1.165338284238742
0.03525196965596897,0.020593870528104217,0.4715493804916963,3243.712432750419,26.38538289653902,1.1653576836154267
0.03541882572290715,0.02050107771923299,0.4771798406561871,3242.2992824869966,26.30482656093313,1.1653770829921113
0.035585681789845336,0.020409884295547357,0.48284621327707167,3240.8612428955544,26.22307815986585,1.165396482368796
0.03575253785678352,0.020320271132676666,0.48854855447443685,3239.3980375667306,26.140133152658255,1.1654158817454805
0.035919393923721704,0.020232219733549123,0.4942869149650685,3237.909390971292,26.055987366082164,1.165435281122165
0.03608624999065989,0.020145712203592937,0.5000613401387055,3236.3950285615188,25.97063700336368,1.1654546804988495
0.03625310605759807,0.02006073122726198,0.5058718701349485,3234.854676872805,25.884078653018083,1.165474079875534
0.036419962124536256,0.01997726004580196,0.511718539915714,3233.288063626758,25.796309297579693,1.1654934792522187
0.03658681819147444,0.019895282436179256,0.5176013793351163,3231.6949178353275,25.707326322190504,1.1655128786289033
0.036753674258412625,0.019814782691100437,0.5235204132074177,3230.074969905798,25.61712752302809,1.165532278005588
0.03692053032535081,0.01973574560005564,0.5294756613723001,3228.427951746811,25.525711115573387,1.1655516773822725
0.03708738639228899,0.019658156431323976,0.5354671387586966,3226.7535968750835,25.433075742689077,1.165571076758957
0.03725424245922718,0.019582000914883387,0.541494855446806,3225.051640522898,25.339220482504196,1.1655904761356415
0.03742109852616536,0.01950726522617161,0.5475588167287009,3223.321819746222,25.24414485608674,1.165609875512326
0.037587954593103545,0.01943393597064846,0.5536590231677329,3221.5638735333687,25.147848834890965,1.1656292748890107
0.03775481066004173,0.019362000169113415,0.5597954706559352,3219.777542914398,25.05033284798006,1.1656486742656953
0.037921666726979913,0.01929144524373519,0.5659681504746382,3217.9625710696982,24.951597788930442,1.16566807364238
0.0380885227939181,0.019222259004753425,0.5721770493456313,3216.11870344139,24.851645022607737,1.1656874730190645
0.03825537886085628,0.01915442963781488,0.578422149492094,3214.2456878419102,24.750476391496857,1.1657068723957489
0.038422234927794466,0.019087945691909313,0.5847034286918656,3212.3432745647915,24.64809422185248,1.1657262717724335
0.03858909099473265,0.019022796067872414,0.5910208603339674,3210.411216494402,24.54450132948432,1.165745671149118
0.038755947061670834,0.01895897000742525,0.5973744134710804,3208.44926921675,24.439701025283924,1.1657650705258027
0.03892280312860902,0.018896457082721804,0.6037640528778713,3206.457191128294,24.333697120319915,1.1657844699024873
0.0390896591955472,0.018835247186377822,0.6101897391035191,3204.4347435462455,24.22649393068197,1.165803869279172
0.039256515262485386,0.018775330521956124,0.616651428527556,3202.381690817495,24.11809628191252,1.1658232686558563
0.03942337132942357,0.01871669759488483,0.623149073414942,3200.297800427361,24.00850951308332,1.1658426680325409
0.039590227396361755,0.0186593392037867,0.6296826219715294,3198.1828431077165,23.89773948048707,1.1658620674092255
0.03975708346329994,0.01860324643219894,0.6362520183998426,3196.0365929444433,23.78579256093531,1.16588146678591
0.03992393953023812,0.01854841064066416,0.6428572029553279,3193.858827484081,23.67267565465025,1.1659008661625947
0.04009079559717631,0.01849482345917444,0.6494981120030615,3191.6493278396083,23.55839618774166,1.1659202655392793
0.04025765166411449,0.01844247677995137,0.6561746780750336,3189.4078787952185,23.44296211425733,1.1659396649159637
0.040424507731052675,0.018391362750546165,0.6628868299282142,3187.134268909941,23.326381917795377,1.1659590642926483
0.04059136379799086,0.01834147376724474,0.6696344926021597,3184.828290620456,23.20866461269189,1.1659784636693329
0.04075821986492904,0.018292802468763646,0.6764175874802766,3182.4897403415966,23.089819744704172,1.1659978630460175
0.04092507593186723,0.018245341730223533,0.6832360323478927,3180.118418566798,22.96985739130258,1.166017262422702
0.04109193199880541,0.018199084657387607,0.6900897414541518,3177.714129966005,22.848788161441288,1.1660366617993867
0.041258788065743596,0.018154024581153318,0.6969786255735675,3175.276683482373,22.726623194875124,1.166056061176071
0.04142564413268178,0.018110155052286105,0.7039025920686779,3172.8058924271713,22.603374160991763,1.1660754605527557
0.041592500199619964,0.018067469836384784,0.7108615449536638,3170.3015745728626,22.479053257156842,1.1660948599294403
0.04175935626655815,0.018025962909068702,0.7178553849589321,3167.763552244237,22.353673206567766,1.166114259306125
0.04192621233349633,0.017985628451377328,0.7248840095958129,3165.1916524078492,22.227247255628207,1.1661336586828095
0.042093068400434516,0.017946460845373532,0.7319473132266335,3162.585706757731,22.099789170745606,1.166153058059494
0.0422599244673727,0.017908454669942297,0.7390451871263978,3159.945551802311,21.97131323479759,1.1661724574361787
0.042426780534310884,0.017871604696777038,0.7461775195569753,3157.271028944838,21.84183424288973,1.166191856812863
0.04259363660124907,0.01783590588654619,0.7533441958344446,3154.561984564254,21.711367497751915,1.1662112561895477
0.04276049266818725,0.01780135338523312,0.7605450984005725,3151.8182700924535,21.5799288045767,1.1662306555662323
0.04292734873512544,0.01776794252064281,0.7677801068949657,3149.03974208907,21.447534465362057,1.166250054942917
0.04309420480206362,0.017735668799069182,0.7750490982283563,3146.2262623135525,21.314201272752065,1.1662694543196015
0.043261060869001805,0.01770452790211718,0.7823519466571155,3143.3776977944053,21.179946503376698,1.166288853696286
0.04342791693593999,0.017674515683674175,0.7896885238589081,3140.49392089554,21.04478791069522,1.1663082530729705
0.04359477300287817,0.017645628167025473,0.797058699009608,3137.5748093795974,20.908743717344823,1.166327652449655
0.04376162906981636,0.017617861542109113,0.8044623388613752,3134.620246468211,20.77183260700197,1.1663470518263397
0.04392848513675454,0.017591212162905292,0.811899307821977,3131.6301208990913,20.6340737157597,1.1663664512030243
0.044095341203692726,0.017565676544956145,0.8193694680353659,3128.6043269798406,20.495486623027915,1.166385850579709
0.04426219727063091,0.017541251363011774,0.8268726794634633,3125.5427646384483,20.356091341964195,1.1664052499563935
0.044429053337569094,0.017517933448798737,0.8344087999691897,3122.445339470377,20.215908309443225,1.1664246493330779
0.04459590940450728,0.017495719788907373,0.8419776854007981,3119.311962782132,20.074958375571967,1.1664440487097625
0.04476276547144546,0.01747460752279458,0.8495791896774909,3116.1425516312643,19.933262792761056,1.166463448086447
0.044929621538383646,0.017454593940898933,0.857213164875395,3112.937028863112,19.790843204380014,1.1664828474631317
0.04509647760532183,0.017435676482865096,0.8648794613174706,3109.695323142737,19.64772163294063,1.1665022468398163
0.045263333672260014,0.017417852735874862,0.8725779276612469,3106.4173689845234,19.503920467934783,1.166521646216501
0.0454301897391982,0.01740112043308214,0.8803084109894146,3103.1031067773038,19.359462453245072,1.1665410455931853
0.04559704580613638,0.017385477452149533,0.8880707569025488,3099.7524828052265,19.214370674155468,1.1665604449698699
0.04576390187307457,0.017370921813884253,0.8958648096116975,3096.36544926529,19.06866854401853,1.1665798443465545
0.04593075794001275,0.017357451680971313,0.9036904120327417,3092.941964280672,18.922379790557827,1.166599243723239
0.046097614006950935,0.017345065356802074,0.9115474058823825,3089.4819919098677,18.775528441824203,1.1666186430999237
0.04626447007388912,0.017333761284396374,0.9194356317738687,3085.985502152422,18.62813881185685,1.1666380424766083
0.0464313261408273,0.017323538045416653,0.9273549293173102,3082.452470949084,18.48023548597542,1.1666574418532927
0.04659818220776549,0.01731439435927259,0.9353051372169069,3078.882880179709,18.33184330586343,1.1666768412299773
0.04676503827470367,0.01730632908231492,0.9432860933729645,3075.2767176554316,18.18298735431396,1.1666962406066619
0.046931894341641855,0.017299341207117278,0.9512976349820609,3071.6339771079975,18.033692939779364,1.1667156399833465
0.04709875040858004,0.017293429861844935,0.9593395986444948,3067.9546581721356,17.88398558057372,1.166735039360031
0.047265606475518224,0.017288594309709585,0.9674118204623445,3064.2387663684735,17.73389098905746,1.1667544387367157
0.04743246254245641,0.017284833948509357,0.9755141361505274,3060.486313076855,17.583435055406834,1.1667738381134
0.04759931860939459,0.017282148310253344,0.9836463811413176,3056.6973155088817,17.432643831351925,1.1667932374900847
0.047766174676332776,0.01728053706087015,0.9918083906929154,3052.8717966748786,17.281543513705763,1.1668126368667693
0.04793303074327096,0.017280000000000004,1.0,3049.0097853461853,17.130160427744404,1.1668320362434539
0.047969587287356986,0.0172800966717492,1.0034843307522665,3047.3718943893355,17.06590388520356,1.1668320362449538
0.04800614280887789,0.01728038668429268,1.0069738899000562,3045.7276077532665,17.00160432429347,1.1668320362674534
0.04804269628529715,0.017280870029518173,1.0104686204200026,3044.076950257601,16.93726458019512,1.166832036364951
0.048079246694135463,0.01728154669390547,1.013968465035394,3042.419947168719,16.872887492179547,1.166832036627443
0.048115793012999314,0.01728241665852681,1.017473366220525,3040.756624196314,16.80847590309873,1.1668320371809213
0.048152334219609606,0.017283479899047424,1.0209832662058673,3039.0870074894624,16.744032658861215,1.1668320381873714
0.048188869291830236,0.017284736385726175,1.024498106982629,3037.4111236328854,16.679560607918905,1.1668320398447687
0.0482253972076967,0.017286186083416435,1.0280178303074747,3035.7289996430522,16.61506260075126,1.1668320423870744
0.04826191694544467,0.017287828951567046,1.0315423777079673,3034.0406629638337,16.55054148933641,1.16683204608423
0.04829842748353857,0.017289664944223453,1.0350716904862816,3032.3461414629023,16.486000126654897,1.166832051242153
0.04833492780070017,0.01729169401002899,1.0386057097256738,3030.64546342671,16.421441366143224,1.1668320582027292
0.048371416875937136,0.017293916092226334,1.0421443762924554,3028.938657557544,16.356868061230905,1.1668320673438053
0.04840789368857159,0.01729633112865906,1.0456876308469116,3027.225752966178,16.292283064715054,1.1668320790791824
0.048444357218268674,0.01729893905177341,1.0492354138403637,3025.5067791711194,16.227689228389288,1.1668320938586054
0.04848080644506508,0.017301739788620173,1.0527876655262027,3023.781766091027,16.16308940241906,1.1668321121677536
0.04851724034939758,0.017304733260856714,1.0563443259623788,3022.0507440411593,16.098486434874467,1.1668321345282306
0.04855365791213155,0.01730791938474918,1.0599053350165042,3020.3137437284868,16.033883171217298,1.1668321614975525
0.04859005811458947,0.017311298071174836,1.06347063237308,3018.5707962456677,15.969282453751472,1.1668321936691353
0.04862643993857944,0.017314869225624564,1.0670401575337691,3016.821933068339,15.904687121201661,1.1668322316722815
0.04866280236642362,0.017318632748205495,1.0706138498274906,3015.067186047531,15.840100008116373,1.1668322761721666
0.04869914438098675,0.01732258853364381,1.0741916484135496,3013.306587405391,15.775523944399591,1.1668323278698223
0.04873546496570455,0.017326736471287688,1.07777349228564,3011.540169730405,15.71096175482914,1.1668323875021216
0.0487717631046122,0.017331076445110397,1.0813593202785694,3009.7679659712094,15.646416258528948,1.1668324558417613
0.048808037782372714,0.01733560833371354,1.0849490710727705,3007.9900094313984,15.581890268483962,1.1668325336972425
0.04884428798430539,0.017340332010330452,1.0885426831994607,3006.206333763938,15.51738659104669,1.1668326219128524
0.04888051269641414,0.017345247342829738,1.0921400950457893,3004.416972965512,15.452908025447273,1.1668327213686436
0.048916710905415904,0.01735035419371899,1.095741244860072,3002.6219613707403,15.388457363305239,1.1668328329804112
0.04895288159876897,0.017355652420148606,1.0993460707569211,3000.8213336463846,15.32403738814713,1.1668329576996714
0.048989023764701274,0.017361141873915804,1.1029545107223806,2999.0151247854633,15.259650874927345,1.1668330965136366
0.04902513639223875,0.017366822401468758,1.1065665026195182,2997.203370101079,15.19530058954517,1.16683325044519
0.049061218471233584,0.017372693843910908,1.1101819841917644,2995.3861052212924,15.130989288405637,1.1668334205528588
0.04909726899239245,0.017378756037005387,1.1138008930723418,2993.5633660808803,15.066719717876556,1.1668336079307864
0.04913328694730478,0.017385008811179617,1.1174231667843388,2991.73518891771,15.00249461391602,1.1668338137087035
0.04916927132847095,0.017391451991530065,1.121048742749174,2989.901610264844,14.938316701555374,1.1668340390518963
0.04920522112933047,0.017398085397827126,1.1246775582908637,2988.062666944677,14.87418869446134,1.1668342851611748
0.049241135344290116,0.01740490884452017,1.1283095506413066,2986.2183960625052,14.810113294484905,1.1668345532728388
0.0492770129687521,0.01741192214074272,1.1319446569454445,2984.3688350000907,14.74609319121731,1.166834844658643
0.04931285299914215,0.017419125090317806,1.1355828142664808,2982.5140214091316,14.682131061549832,1.1668351606257592
0.04934865443293756,0.017426517491763445,1.1392239595910962,2980.6539932046826,14.618229569239126,1.1668355025167387
0.04938441626869527,0.01743409913829828,1.1428680298346603,2978.7887885585087,14.554391364477553,1.1668358717094722
0.04942013750607986,0.017441869817847358,1.146514961846368,2976.9184458924315,14.490619083470516,1.1668362696171461
0.04945581714589153,0.017449829313048063,1.150164692414489,2975.0430038715504,14.426915348017115,1.166836697688201
0.049491454190094056,0.017457977401256212,1.1538171582714687,2973.162501397495,14.363282765099068,1.1668371574062841
0.04952704764184271,0.017466313854552256,1.1574722960999038,2971.276977601172,14.299723926460242,1.1668376502902031
0.04956259650551212,0.01747483843974768,1.1611300425349278,2969.38647183731,14.236241408254294,1.1668381778938763
0.049598099786724165,0.017483550918391506,1.1647903341736723,2967.491023675312,14.172837770575338,1.1668387418062807
0.04963355649237575,0.01749245104677698,1.1684531075772209,2965.5906728939267,14.10951555712514,1.1668393436513993
0.04966896563066658,0.017501538575948383,1.1721182992767296,2963.6854594737315,14.046277294813974,1.1668399850881643
0.049704326211126956,0.017510813251707984,1.1757858457785124,2961.7754235900998,13.983125493385666,1.1668406678104009
0.04973963724464543,0.01752027481462317,1.1794556835696353,2959.860605605865,13.920062645040291,1.1668413935467656
0.049774897743496485,0.017529923000033677,1.1831277491205414,2957.9410460654963,13.857091224114177,1.1668421640606856
0.049810106721368166,0.01753975753805903,1.1868019788957593,2956.0167856850094,13.79421368662765,1.166842981150292
0.04984526319338967,0.017549778153606053,1.1904783093523856,2954.087865348228,13.7314324700491,1.1668438466483553
0.04988036617615892,0.017559984566376592,1.1941566769491219,2952.1543260975054,13.668749992884646,1.1668447624222131
0.04991541468777001,0.01757037649087534,1.1978370181502929,2950.2162091270197,13.606168654360497,1.1668457303737008
0.04995040774784074,0.017580953636417825,1.2015192694309254,2948.2735557755,13.54369083409398,1.1668467524390744
0.04998534437754,0.017591715707138557,1.2052033672817115,2946.326407518973,13.481318891773228,1.166847830588935
0.05002022359961514,0.017602662401999283,1.2088892482140408,2944.374805963452,13.4190551668427,1.1668489668281476
0.05005504443841934,0.017613793414797407,1.2125768487649375,2942.4187928376464,13.356901978197119,1.1668501631957593
0.050089805919938904,0.017625108434174582,1.2162661055020318,2940.4584099856356,13.29486162388192,1.1668514217649122
0.05012450707182046,0.01763660714362539,1.2199569550284772,2938.493699359542,13.232936380801473,1.1668527446427563
0.050159146923398186,0.01764828922150621,1.2236493339878571,2936.524703012199,13.171128504434792,1.1668541339703566
0.05019372450572098,0.01766015434104421,1.2273431790690672,2934.5514630898074,13.10944022855849,1.1668555919225994
0.05022823885157953,0.01767220217034649,1.2310384270111725,2932.574021824592,13.047873764977483,1.1668571207080933
0.05026268899553339,0.017684432372409367,1.2347350146082352,2930.592421527457,12.986431303263208,1.1668587225690703
0.050297073973937984,0.0176968446051278,1.2384328787141554,2928.6067045806317,12.925115010498962,1.1668603997812788
0.05033139282497154,0.017709438521304955,1.2421319562473923,2926.6169134303577,12.863927031034365,1.1668621546538782
0.05036564458866202,0.017722213768661926,1.2458321841957833,2924.6230905795255,12.8028694862454,1.166863989529327
0.05039982830691398,0.01773516998984758,1.2495334996212306,2922.625278580367,12.741944474303939,1.166865906783268
0.05043394302353532,0.017748306822448563,1.2532358396644168,2920.623520027141,12.68115406995412,1.1668679088244118
0.05046798778426409,0.01776162389899942,1.2569391415494655,2918.6178575488307,12.620500324296753,1.1668699980944126
0.05050196163679514,0.017775120846992905,1.2606433425886154,2916.6083338018466,12.559985264580911,1.1668721770677457
0.050535863630806796,0.017788797288890358,1.2643483801867679,2914.5949914627936,12.49961089400481,1.1668744482515763
0.0505696928179874,0.017802652842132304,1.268054191846122,2912.57787322119,12.439379191522491,1.1668768141856278
0.05060344825206187,0.01781668711914913,1.271760715170714,2910.5570217722575,12.379292111659462,1.1668792774420444
0.05063712898881814,0.017830899727371945,1.2754678878709116,2908.5324798097245,12.319351584336156,1.1668818406252508
0.05067073408613361,0.017845290269243544,1.279175647767902,2906.5042900186595,12.259559514698884,1.1668845063718065
0.050704262604001474,0.017859858342229532,1.2828839327981592,2904.4724950683153,12.19991778295824,1.1668872773502579
0.050737713604557005,0.017874603538829595,1.286592681017839,2902.4371376050326,12.140428244235988,1.166890156260985
0.05077108615210381,0.017889525446588884,1.2903018306071665,2900.39826024516,12.08109272841912,1.1668931458360428
0.05080437931314,0.017904623648109567,1.2940113198747785,2898.3559055680116,12.021913040021879,1.1668962488390016
0.05083759215638429,0.017919897721062485,1.2977210872620353,2896.310116108872,11.962890958055421,1.1668994680647786
0.05087072375280205,0.01793534723819899,1.3014310713472854,2894.2609343520335,11.904028235905223,1.1669028063394697
0.050903773175631314,0.01795097176736287,1.3051412108501084,2892.2084027238798,11.845326601215985,1.166906266520172
0.05093673950040868,0.017966770871502464,1.308851444635776,2890.1525635858666,11.786787755780079,1.1669098514948053
0.05096962180499518,0.017982744108682863,1.3125617117185264,2888.0934592281833,11.728413375451632,1.166913564181928
0.05100241916960207,0.017998891032098285,1.3162719512656358,2886.031131863014,11.670205110054996,1.1669174075305464
0.05103513067681655,0.018015211190084573,1.3199821026051817,2883.965623615768,11.612164583242187,1.1669213845199222
0.05106775541162746,0.018031704126131823,1.323692105224043,2881.8969765217576,11.55429339251037,1.1669254981593726
0.05110029246145082,0.018048369378897165,1.3274018987759213,2879.825232517361,11.496593109068835,1.166929751488066
0.05113274091615541,0.018065206482217655,1.3311114230842727,2877.750433434038,11.43906527779259,1.166934147574814
0.051165099868088204,0.01808221496512331,1.3348206181462603,2875.672620991807,11.38171141716648,1.166938689517857
0.05119736841209974,0.01809939435185031,1.3385294241365904,2873.591836792848,11.324533019237922,1.166943380444644
0.051229545645569495,0.018116744161854277,1.3422377814113773,2871.5081223151074,11.267531549575478,1.166948223511609
0.05126163066843107,0.018134263909823724,1.3459456305119137,2869.421518906012,11.210708447235563,1.1669532219039414
0.0512936225831974,0.018151953105693643,1.349652912168413,2867.332067776238,11.15406512473581,1.1669583788353488
0.051325520494985864,0.0181698112546592,1.3533595673037322,2865.239809993538,11.097602968035202,1.166963697547819
0.0513573235115433,0.01818783785718958,1.3570655370369993,2863.1447864766646,11.041323336521762,1.1669691813113718
0.05138903074327096,0.018206032409041957,1.3607707626872443,2861.0470379893486,10.985227563006518,1.166974833423808
0.0516248059209595,0.018341955758806545,1.3874233304349586,2845.8652150106973,10.586847901634814,1.167020807262036
0.05186058109864804,0.0184774760834869,1.4124220393330542,2831.479267677247,10.221485011774497,1.1670732941603283
0.052096356276336575,0.018612593383083017,1.4360329189112684,2817.7628075469984,9.883894271073153,1.1671323249599173
0.05233213145402512,0.018747307657594896,1.4584558954473752,2804.620509594658,9.570103057936386,1.167197927944717
0.05256790663171366,0.018881618907022536,1.4798458754857817,2791.9782207924986,9.277010159918447,1.167270128848196
0.052803681809402196,0.01901552713136594,1.5003258841141924,2779.776796022685,9.002135167843567,1.167348950861214
0.053039456987090734,0.019149032330625107,1.5199956396245424,2767.9680748125843,8.743454261247773,1.1674344146408109
0.05327523216477928,0.019282134504800034,1.5389373658144905,2756.5121538715352,8.499288436431469,1.1675265383199287
0.05351100734246782,0.019414833653890726,1.5572198584800012,2745.375478556112,8.268224975430428,1.167625337518053
0.053746782520156355,0.019547129777897177,1.5749014078677397,2734.5294709803225,8.04906076339584,1.167730825352757
0.05398255769784489,0.019679022876819392,1.5920319479303755,2723.9495208205617,7.840760417453854,1.1678430124521322
0.05421833287553343,0.019810512950657368,1.6086546689604944,2713.614227844659,7.642424727617444,1.16796190696809
0.05445410805322197,0.019941599999411107,1.6248072490355752,2703.504823261169,7.453266446381974,1.1680875145905179
0.054689883230910515,0.02007228402308061,1.640522809118885,2693.604720711326,7.272591423353451,1.168219838562274
0.05492565840859905,0.020202565021665876,1.6558306641641112,2683.8991629696297,7.099783698849754,1.168358879695003
0.05516143358628759,0.020332442995166903,1.6707569211794981,2674.3749404525024,6.934293577793688,1.1685046363857607
0.05539720876397613,0.020461917943583693,1.6853249608007828,2665.020164391555,6.7756279801096,1.168657104634424
0.055632983941664674,0.020590989866916244,1.699555829022944,2655.8240821709237,6.623342553107717,1.1688162780618778
0.05586875911935321,0.02071965876516456,1.713468558813997,2646.7769255769103,6.477035164054289,1.1689821479289562
0.05610453429704175,0.020847924638328633,1.7270804364061552,2637.8697850194408,6.336340485737005,1.1691547031561258
0.05634030947473029,0.020975787486408472,1.740407223501325,2629.0945044537416,6.200925456301077,1.1693339303438925
0.056576084652418826,0.021103247309404074,1.753463344022438,2620.443592952673,6.070485444869207,1.1695198137939147
0.056811859830107364,0.021230304107315436,1.7662620421104198,2611.910149786156,5.944740991788431,1.1697123355308088
0.05704763500779591,0.021356957880142566,1.7788155166175468,2603.4878005437895,5.8234350204116305,1.1699114753246294
0.05728341018548445,0.021483208627885452,1.7911350362493408,2595.170642352065,5.706330438649044,1.170117210714006
0.057519185363172985,0.021609056350544102,1.8032310386655241,2586.9531966323434,5.59320806489866,1.1703295170299242
0.05775496054086153,0.021734501048118516,1.8151132162003127,2578.8303681508214,5.483864825648171,1.1705483674201276
0.05799073571855007,0.021859542720608693,1.8267905903551385,2570.7974093495927,5.37811218195608,1.1707737328741339
0.058226510896238606,0.02198418136801463,1.838271576818198,2562.8498891350146,5.275774749832133,1.171005582248839
0.058462286073927144,0.02210841699033633,1.8495640424496098,2554.9836654476335,5.176689085739477,1.1712438822946987
0.05869806125161568,0.02223224958757379,1.8606753554190025,2547.1948610561726,5.080702613401888,1.1714885976824703
0.05893383642930422,0.02235567915972702,1.8716124294802108,2539.479842112938,4.987672672092305,1.171739691030497
0.059169611606992766,0.022478705706796005,1.8823817632042146,2531.835199084777,4.897465669815468,1.1719971229325183
0.059405386784681304,0.022601329228780755,1.8929894748586795,2524.257729736011,4.809956327433966,1.1722608519859932
0.05964116196236984,0.022723549725681268,1.9034413335137503,2516.744423890847,4.725027001949732,1.1725308348209156
0.05987693714005838,0.02284536719749754,1.9137427868644963,2509.2924497446566,4.642567078934568,1.1728070261291095
0.060112712317746925,0.022966781644229578,1.9238989861866547,2501.899141528144,4.5624724255790765,1.1730893786939853
0.06034848749543546,0.023087793065877375,1.9339148087810478,2494.5619883572263,4.484644897058509,1.1733778434207434
0.060584262673124,0.02320840146244094,1.9437948782110759,2487.2786241253802,4.408991889940575,1.173672369367007
0.06082003785081254,0.02332860683392026,1.9535435825947938,2480.046818315397,4.335425937224316,1.173972903773869
0.06105581302850108,0.02344840918031535,1.9631650911772656,2472.8644676242766,4.263864340325717,1.1742793920973382
0.061291588206189615,0.0235678085016262,1.9726633693784086,2465.729588309377,4.194228833942922,1.1745917780401673
0.06152736338387816,0.02368680479785281,1.9820421924858547,2458.640309175987,4.1264452802572835,1.1749100035840474
0.0617631385615667,0.023805398068995183,1.9913051581404635,2451.5948651367917,4.060443389373562,1.1752340090221547
0.061998913739255236,0.02392358831505332,2.0004556977434187,2444.591591282514,3.996156463285142,1.1755637329920323
0.062234688916943774,0.02404137553602722,2.0094970868978286,2437.628917410558,3.933521160978879,1.1758991125087923
0.06247046409463232,0.024158759731916876,2.0184324549840262,2430.705362964928,3.872477282577226,1.176240082998622
0.06270623927232086,0.024275740902722304,2.0272647939559136,2423.819532346287,3.812967570660078,1.1765865783325808
0.0629420144500094,0.024392319048443488,2.0359969664354027,2416.970110555893,3.754937527121334,1.1769385308606712
0.06317778962769793,0.024508494169080436,2.044631713173465,2410.1558591411012,3.698335244097437,1.177295871446168
0.06341356480538647,0.024624266264633144,2.053171659935953,2403.375612415454,3.6431112476831085,1.177658529500193
0.06364933998307501,0.024739635335101616,2.0616193238764264,2396.628273922662,3.589218353220213,1.1780264330165178
0.06388511516076356,0.024854601380485855,2.0699771194269174,2389.912813132784,3.5366115312332456,1.1783995086065833
0.06412089033845209,0.02496916440078585,2.078247363769666,2383.22826233757,3.4852477829524875,1.1787776815347162
0.06435666551614064,0.02508332439600161,2.086432281913559,2376.5737137362644,3.4350860246859165,1.1791608757535341
0.06459244069382918,0.025197081366133134,2.0945340114152886,2369.948316692138,3.386086980254158,1.179549013939518
0.06482821587151771,0.025310435311180417,2.1025546067750396,2363.351275145902,3.3382130808203194,1.1799420175287445
0.06506399104920625,0.025423386231143465,2.110496043534328,2356.781845173111,3.2914283715068007,1.180339806752759
0.06529976622689479,0.025535934126022272,2.118360222100951,2350.239332673855,3.245698424249021,1.1807423006745768
0.06553554140458333,0.025648078995816843,2.1261489713235138,2343.7230911842516,3.200990256388543,1.1811494172247992
0.06577131658227187,0.02575982084052718,2.133864051835887,2337.232519800244,3.1572722545541736,1.1815610732378306
0.0660070917599604,0.025871159660153277,2.141507159189994,2330.7670612051456,3.1145141034213846,1.1819771844881808
0.06624286693764894,0.025982095454695132,2.149079926793601,2324.3261997931654,3.072686718977316,1.1823976657268425
0.0664786421153375,0.026092628224152755,2.1565839286683093,2317.9094598818738,3.031762185951798,1.1828224307177269
0.06671441729302603,0.02620275796852614,2.164020682041479,2311.516404007251,2.9917136991050604,1.183251392274147
0.06695019247071457,0.026312484687815284,2.1713916497846806,2305.1466312954985,2.952515508089162,1.1836844622953333
0.06718596764840311,0.026421808382020195,2.178698242710083,2298.799775906345,2.9141428656247585,1.1841215518029713
0.06742174282609165,0.026530729051140865,2.185941821735249,2292.4755055430624,2.87657197875643,1.1845625709777439
0.06765751800378018,0.026639246695177296,2.1931236999258905,2286.173520024778,2.8397799629695,1.1850074291958712
0.06789329318146872,0.026747361314129494,2.2002451444253057,2279.8935499171225,2.8037447989692983,1.185456035065631
0.06812906835915726,0.02685507290799745,2.20730737827854,2273.6353552175324,2.7684452919396474,1.1859082964638488
0.0683648435368458,0.02696238147678117,2.2143115821586012,2267.398724091893,2.733861033112397,1.1863641205723459
0.06860061871453435,0.027069287020480653,2.2212588960016904,2261.1834716593103,2.699972363491782,1.1868234139143317
0.06883639389222289,0.0271757895390959,2.2281504205559535,2254.989438823321,2.666760339599072,1.18728608239073
0.06907216906991143,0.027281889032626905,2.234987218855674,2248.8164911429735,2.6342067010753656,1.1877520313164276
0.06930794424759996,0.027387585501073675,2.24177031761356,2242.664517749529,2.602293840081854,1.188221165456429
0.0695437194252885,0.027492878944436208,2.248500708551542,2236.5334302966126,2.5710047723094838,1.1886933890619131
0.06977949460297704,0.0275977693627145,2.2551793496628307,2230.42316194935,2.5403231095504966,1.189168605906176
0.07001526978066558,0.02770225675590856,2.2618071664144583,2224.333666407407,2.5102330337106706,1.1896467193204456
0.07025104495835412,0.027806341124018377,2.2683850528931377,2218.2649169608594,2.480719272177468,1.1901276322295662
0.07048682013604265,0.02791002246704396,2.274913872897995,2212.2169055773325,2.4517670744609017,1.1906112471875323
0.0707225953137312,0.028013300784985304,2.2813944609834786,2206.1896420189555,2.423362190029821,1.191097466412868
0.07095837049141973,0.02811617607784241,2.2878276234554757,2200.183152987813,2.3954908472718754,1.1915861918238353
0.07119414566910828,0.02821864834561528,2.294214139323499,2194.197481298619,2.3681397335102266,1.1920773250734686
0.07142992084679682,0.028320717588303908,2.300554761211552,2188.2326850774975,2.3412959760148806,1.1925707675844177
0.07166569602448536,0.0284223838059083,2.3068502162301368,2182.288836985791,2.314947123950546,1.1930664205835917
0.0719014712021739,0.028523646998428458,2.3131012068116683,2176.3660234679037,2.2890811312071087,1.1935641851365977
0.07213724637986244,0.028624507165864378,2.3193084115114213,2170.4643440222712,2.2636863400621,1.1940639621819575
0.07237302155755097,0.02872496430821606,2.3254724857759794,2164.583910494591,2.238751465628168,1.1945656525651
0.07260879673523951,0.028825018425483503,2.33159406268104,2158.7248463925157,2.2142655810413956,1.1950691570721135
0.07284457191292806,0.028924669517666708,2.337673753640271,2152.8872862210696,2.1902181033493653,1.1955743764632527
0.07308034709061659,0.029023917584765677,2.343712149086852,2147.0713748380804,2.1665987800603688,1.1960812115061907
0.07331612226830514,0.029122762626780405,2.3497098191291736,2141.2772668289813,2.14339767631767,1.1965895630090055
0.07355189744599368,0.029221204643710898,2.3556673141821114,2135.5051259003644,2.1206051626650284,1.1970993318528949
0.07378767262368222,0.02931924363555715,2.3615851655751765,2129.7551242917225,2.098211903371718,1.1976104190246062
0.07402344780137075,0.02941687960231917,2.3674638861387742,2124.027442204818,2.0762088452873293,1.1981227256485805
0.07425922297905929,0.02951411254399695,2.373303970769722,2118.322267250181,2.0545872071983498,1.1986361530187948
0.07449499815674783,0.02961094246059049,2.379105896977093,2112.6397939102617,2.033338469660384,1.199150602630299
0.07473077333443637,0.029707369352099798,2.3848701254094062,2106.980223018757,2.012454365281234,1.1996659762104394
0.0749665485121249,0.029803393218524862,2.390597100364093,2101.3437612557145,1.991926869431754,1.200182175749758
0.07520232368981344,0.02989901405986569,2.396287250280161,2095.7306206579606,1.9717481913625359,1.200699103532565
0.075438098867502,0.029994231876122282,2.401940988214837,2090.1410181445094,1.9519107657060184,1.201216662167172
0.07567387404519053,0.030089046667294637,2.407558712305025,2084.5751750565464,1.932407244344536,1.2017347546157824
0.07590964922287907,0.03018345843338275,2.4131408062142845,2079.033316711641,1.9132304886261484,1.20225328422403
0.07614542440056761,0.030277467174386632,2.4186876395660266,2073.5156719718616,1.8943735619110282,1.2027721547501604
0.07638119957825615,0.030371072890306272,2.4241995683635786,2068.022472825451,1.8758297224321916,1.2032912703938463
0.07661697475594469,0.030464275581141675,2.4296769353977394,2062.5539539817564,1.8575924164552355,1.203810535824634
0.07685274993363322,0.030557075246892842,2.4351200706423795,2057.1103524791197,1.8396552717226637,1.2043298562100098
0.07708852511132176,0.03064947188755977,2.4405292916386534,2051.6919073054255,1.8220120911690936,1.2048491372430847
0.0773243002890103,0.03074146550314246,2.445904903868315,2046.2988590310433,1.8046568468944852,1.2053682851698888
0.07756007546669885,0.030833056093640912,2.451247201116626,2040.9314494538746,1.787583674383145,1.2058872068162703
0.07779585064438738,0.030924243659055127,2.4565564658253134,2035.589921256259,1.7707868669569553,1.2064058096143935
0.07803162582207593,0.031015028199385106,2.4618329694359944,2030.2745176734777,1.7542608704519398,1.2069240016288305
0.07826740099976447,0.031105409714630848,2.467076972724476,2024.9854821736074,1.7380002781077875,1.2074416915822412
0.078503176177453,0.03119538820479235,2.472288726126317,2019.7230581484805,1.721999825660502,1.2079587888806358
0.07873895135514154,0.03128496366986962,2.4774684700539926,2014.487488615527,1.706254386628973,1.208475203638216
0.07897472653283008,0.031374136109862644,2.482616435205556,2009.2790159305475,1.6907589677880088,1.20899084670179
0.07921050171051862,0.03146290552477143,2.487732842867913,2004.0978815094243,1.6755087048108483,1.2095056296747557
0.07944627688820716,0.03155127191459598,2.4928179052079216,1998.9443255630424,1.6604988580951547,1.210019464940648
0.07968205206589571,0.0316392352793363,2.4978718255611514,1993.8185868391486,1.6457248087354008,1.210532265686247
0.07991782724358423,0.03172679561899237,2.502894798711332,1988.7209023755327,1.631182054656948,1.2110439459242417
0.08015360242127278,0.03181395293356421,2.5078870111636817,1983.651507262452,1.6168662068959316,1.2115544205154465
0.08038937759896131,0.031900707223051813,2.5128486414118454,1978.6106344144275,1.60277298602007,1.2120636051905647
0.08062515277664986,0.03198705848745517,2.517779860198675,1973.5985143512012,1.58889821868429,1.212571416571498
0.0808609279543384,0.03207300672677431,2.5226808307710806,1968.6153749876469,1.5752378343152666,1.2130777721921973
0.08109670313202694,0.032158551941009195,2.5275517091291153,1963.661441432472,1.5617878619194945,1.21358259051905
0.08133247830971548,0.032243694130159845,2.5323926442695375,1958.7369357954715,1.5485444270094184,1.214085790970805
0.08156825348740401,0.03232843329422626,2.537203778423983,1953.842077003188,1.5355037486427998,1.214587293938027
0.08180402866509255,0.032412769433208435,2.541985247291944,1948.9770806227675,1.5226621365704316,1.2150870208020816
0.08203980384278109,0.032496702547106376,2.5467371802687073,1944.142158693833,1.5100159884877025,1.2155848939536478
0.08227557902046964,0.032580232635920074,2.551459700668403,1939.3375195681913,1.4975617873856546,1.2160808368107523
0.08251135419815817,0.032663359699649536,2.5561529259423144,1934.5633677572007,1.4852960989974295,1.216574773836328
0.08274712937584672,0.03274608373829476,2.560816967892571,1929.8199037866086,1.4732155693361615,1.217066630555292
0.08298290455353526,0.03282840475185575,2.565451932881367,1925.1073240587016,1.4613169223205662,1.2175563335711406
0.0832186797312238,0.0329103227403325,2.570057922035818,1920.4258207215803,1.4495969574846415,1.2180438105820608
0.08345445490891233,0.03299183770372501,2.5746350314485715,1915.77558154539,1.4380525477680866,1.2185289903965575
0.08369023008660087,0.033072949642033285,2.5791833523742813,1911.1567898053509,1.4266806373841592,1.2190118029485912
0.08392600526428942,0.03315365855525733,2.583702971422048,1906.5696241713972,1.415478239761869,1.2194921793122304
0.08416178044197795,0.03323396444339712,2.5881939707439128,1902.0142586042941,1.4044424355595733,1.2199700517158112
0.0843975556196665,0.03331386730645268,2.592656428219521,1897.490862258025,1.3935703707470486,1.2204453535556097
0.08463333079735502,0.03339336714442401,2.5970904176370024,1892.9995993883376,1.3828592547534593,1.2209180194090203
0.08486910597504357,0.0334724639573111,2.6014960088701846,1888.5406292672535,1.3723063586785123,1.2213879850472433
0.08510488115273211,0.03355115774511395,2.6058732680522003,1884.1141061033968,1.3619090135644043,1.22185518744748
0.08534065633042065,0.03362944850783256,2.610222257745562,1879.720178967993,1.3516646087261563,1.2223195648046332
0.08557643150810919,0.03370733624546693,2.614543037108779,1875.3589917263755,1.341570590138078,1.2227810565425166
0.08581220668579773,0.03378482095801706,2.618835662059562,1871.0306829748629,1.3316244588742392,1.2232396033245683
0.08604798186348626,0.033861902645482965,2.6231001854347147,1866.7353859828352,1.3218237696007984,1.2236951470640733
0.0862837570411748,0.03393858130786463,2.6273366571467216,1862.4732286398976,1.312166129118291,1.2241476309338903
0.08651953221886335,0.03401485694516205,2.6315451243371286,1858.2443334079524,1.302649194951932,1.2245969993756878
0.08675530739655188,0.034090729557375236,2.635725631526746,1854.0488172780595,1.2932706739881112,1.2250431981086858
0.08699108257424043,0.03416619914450418,2.6398782207626508,1849.8867917319894,1.284028321155557,1.2254861741379064
0.08722685775192895,0.034241265706548896,2.644002931762286,1845.758362708168,1.2749199381488991,1.2259258757619342
0.0874626329296175,0.03431592924350937,2.6480998020546083,1841.6636305719499,1.2659433721932505,1.2263622525801843
0.08769840810730604,0.0343901897553856,2.652168867118689,1837.6026900898482,1.2570965148474815,1.2267952554996824
0.08793418328499458,0.034464047242177595,2.6562101605148944,1833.5756304106233,1.2483773008558632,1.227224836741357
0.08816995846268312,0.03453750170388536,2.6602237140229974,1829.5825350442924,1.2397837070140663,1.2276509498458437
0.08840573364037166,0.034610553140508885,2.6642095577673888,1825.6234818511575,1.2313137510935128,1.2280735496788044
0.08864150881806021,0.03468320155204817,2.668167720344451,1821.698543031478,1.222965490788439,1.2284925924357633
0.08887728399574873,0.034755446938503215,2.672098228946111,1817.8077851193711,1.2147370226982017,1.2289080356464595
0.08911305917343729,0.034827289299874026,2.676001109480607,1813.9512689802048,1.2066264813413203,1.22931983817872
0.08934883435112581,0.03489872863616059,2.6798763866904944,1810.1290498113622,1.198632038200144,1.2297279602418543
0.08958460952881436,0.03496976494736293,2.6837240842679235,1806.3411771462668,1.1907519007950171,1.2301323633895713
0.0898203847065029,0.03504039823348103,2.6875442249672026,1802.5876948615642,1.1829843117869345,1.2305330105224233
0.09005615988419144,0.035110628494514885,2.6913368307146937,1798.868641187326,1.1753275481076164,1.2309298658897776
0.09029193506187998,0.03518045573046451,2.6951019227160393,1795.1840487202048,1.1677799201161074,1.2313228950913184
0.09052771023956852,0.03524987994132989,2.6988395215607546,1791.533944439411,1.1603397707809218,1.2317120650780815
0.09076348541725707,0.03531890112711104,2.70254964732421,1787.9183497254144,1.1530054748868457,1.2320973441530247
0.09099926059494559,0.03538751928780794,2.706232319667023,1784.3372803812745,1.1457754382655587,1.2324787019711374
0.09123503577263414,0.03545573442342062,2.7098875579318653,1780.7907466565046,1.138648097049243,1.2328561095390904
0.09147081095032267,0.035523546533949055,2.713515381237736,1777.278753273363,1.1316219169463513,1.2332295392144308
0.09170658612801122,0.035590955619393246,2.717115808571673,1773.8012994555054,1.124695392538873,1.2335989647043233
0.09194236130569976,0.0356579616797532,2.720688858877978,1770.3583789588656,1.117867046600213,1.233964361063844
0.0921781364833883,0.035724564715028925,2.7242345511449186,1766.9499801047264,1.1111354294331315,1.2343257046938259
0.09241391166107683,0.03579076472522041,2.727752904488958,1763.5760858148565,1.104499118226975,1.2346829733382638
0.09264968683876537,0.03585656171032765,2.7312439382365232,1760.2366736486542,1.0979567164335702,1.2350361460812789
0.09288546201645391,0.035921955670350655,2.734707672003312,1756.9317158422075,1.091506853161181,1.2353852033436483
0.09312123719414245,0.03598694660528943,2.738144125771186,1753.6611793491863,1.0851481825858686,1.235730126878904
0.093357012371831,0.036051534515143965,2.741553319962626,1750.4250258835186,1.0788793833797556,1.2360708997690015
0.09359278754951952,0.03611571939991426,2.744935275512807,1747.2232119637342,1.072699158155549,1.2364075064195679
0.09382856272720808,0.036179501259600316,2.748290013939271,1744.0556889589495,1.066606232926866,1.236739932554727
0.0940643379048966,0.03624288009420214,2.7516175574092454,1740.9224031363872,1.0605993565837744,1.2370681652115116
0.09430011308258515,0.036305855903719715,2.754917928804593,1737.8232957103926,1.0546773003831191,1.2373921927338625
0.09453588826027369,0.03636842868815306,2.7581911517844357,1734.7583028928648,1.0488388574530956,1.2377120047662207
0.09477166343796223,0.03643059844750217,2.761437250845452,1731.7273559450416,1.0430828423116383,1.2380275922467183
0.09500743861565077,0.03649236518176703,2.7646562513798565,1728.7303812305981,1.037408090398205,1.2383389473999689
0.0952432137933393,0.03655372889094767,2.7678481797311103,1725.7673002699592,1.0318134576184512,1.2386460637294672
0.09547898897102786,0.03661468957504406,2.771013063247032,1722.838029796004,1.0262978199020358,1.2389489360095964
0.09571476414871638,0.03667524723405621,2.774150930332207,1719.942481809957,1.0208600727696915,1.2392475602772561
0.09595053932640493,0.03673540186798413,2.7772618104949585,1717.080563640269,1.015499130917914,1.2395419338231057
0.09618631450409346,0.03679515347682781,2.7803457343953983,1714.2521780005566,1.0102139278089588,1.2398320551824376
0.09642208968178201,0.03685450206058726,2.7834027338895453,1711.4572230495414,1.005003415275017,1.2401179241256786
0.09665786485947055,0.03691344761926246,2.786432842071612,1708.6955924517126,0.9998665631324173,1.2403995416485285
0.09689364003715908,0.036971990152853434,2.7894360933141096,1705.9671754388792,0.9948023588061917,1.2406769099617392
0.09712941521484762,0.03703012966136016,2.7924125233058006,1703.2718568725682,0.9898098069646485,1.2409500324805387
0.09736519039253616,0.037087866144782655,2.7953621690874995,1700.6095173072306,0.984887929163709,1.241218913813709
0.09760096557022471,0.03714519960312091,2.798285069085756,1697.980033054216,0.9800357635006454,1.2414835597523188
0.09783674074791324,0.03720213003637493,2.801181263144431,1695.3832762464763,0.9752523642769867,1.2417439772581187
0.09807251592560179,0.03725865744454471,2.804050792554181,1692.8191149039662,0.9705368016702769,1.2420001744516047
0.09830829110329031,0.03731478182763025,2.8068937000798795,1690.2874129997047,0.9658881614144629,1.2422521605997554
0.09854406628097886,0.03737050318563155,2.809710029985987,1687.7880305264605,0.9613055444885981,1.2424999461034472
0.0987798414586674,0.03742582151854862,2.812499828059891,1685.3208235640438,0.9567880668136785,1.242743542484554
0.09901561663635594,0.03748073682638145,2.815263141633233,1682.885644347164,0.9523348589573294,1.2429829623727384
0.09925139181404448,0.037535249109130045,2.8180000196012562,1680.482341333821,0.9479450658461159,1.243218219491938
0.09948716699173302,0.0375893583667944,2.8207105124401766,1678.1107592742173,0.9436178464852744,1.2434493286465547
0.09972294216942156,0.03764306459937451,2.8233946722226073,1675.770739280161,0.9393523736856373,1.243676305707351
0.0999587173471101,0.0376963678068704,2.8260525526310656,1673.4621188949257,0.9351478337975375,1.2438991675970608
0.10019449252479865,0.037749267989282034,2.828684208969568,1671.1847321635569,0.9310034264515062,1.2441179322757205
0.10043026770248717,0.03780176514660944,2.831289698173348,1668.9384097036013,0.9269183643055646,1.244332618725725
0.10066604288017572,0.037853859278852604,2.8338690788167202,1666.7229787762303,0.9228918727989146,1.244543246936617
0.10090181805786425,0.03790555038601153,2.836422411119101,1664.5382633577512,0.9189231899118617,1.2447498378896136
0.1011375932355528,0.03795683846808623,2.8389497569492335,1662.3840842114694,0.9150115659317837,1.2449524135418788
0.10137336841324134,0.03800772352507668,2.8414511798276036,1660.2602589599155,0.9111562632249908,1.2451509968105445
0.10160914359092987,0.038058205556982895,2.84392674492712,1658.166602157381,0.9073565560142892,1.245345611556491
0.10184491876861841,0.03810828456380487,2.8463765190720367,1656.102925362778,0.9036117301621187,1.2455362825678893
0.10208069394630695,0.03815796054554261,2.8488005707351745,1654.0690372128015,0.8999210829591001,1.2457230355435134
0.1023164691239955,0.03820723350219612,2.8511989700334563,1652.0647434953669,0.8962839229178261,1.2459058970758288
0.10255224430168403,0.038256103433765384,2.8535717887217764,1650.0898472233325,0.8926995695717966,1.2460848946338627
0.10278801947937258,0.03830457034025041,2.855919100185241,1648.1441487084699,0.8891673532793188,1.2462600565458664
0.1030237946570611,0.038352634221651194,2.8582409794298087,1646.2274456356968,0.8856866150322535,1.246431411981767
0.10325956983474965,0.038400295077967744,2.8605375030713365,1644.3395331375357,0.8822567062694908,1.246598990935428
0.10349534501243819,0.038447552909200065,2.8628087493230914,1642.4802038688106,0.8788769886950095,1.2467628242067137
0.10373112019012673,0.03849440771534814,2.865054797981722,1640.6492480815589,0.87554683410042,1.2469229433833697
0.10396689536781527,0.038540859496411985,2.867275730411755,1638.846453700148,0.8722656241918401,1.247079380822726
0.1042026705455038,0.03858690825239158,2.869471629528601,1637.071606396604,0.8690327504210548,1.247232169633228
0.10443844572319236,0.038632553983286945,2.871642579780149,1635.3244896661156,0.8658476138207519,1.2473813436558017
0.10467422090088088,0.03867779668909807,2.87378866712693,1633.6048849027425,0.8627096248438423,1.2475269374450606
0.10490999607856943,0.03872263636982497,2.875909979020917,1631.9125714752824,0.8596182032066556,1.2476689862503618
0.10514577125625796,0.03876707302546761,2.878006604382964,1630.2473268033264,0.8565727777359963,1.2478075259967147
0.10538154643394651,0.03881110665602603,2.880078633578944,1628.6089264334562,0.8535727862199016,1.2479425932655541
0.10561732161163505,0.0388547372615002,2.882126158394582,1626.9971441156108,0.8506176752620354,1.2480742252753794
0.10585309678932359,0.038897964841890134,2.8841492720090325,1625.4117518796074,0.8477069001396497,1.2482024598622683
0.10608887196701212,0.038940789397195835,2.8861480689672425,1623.8525201117889,0.8448399246649673,1.2483273354602746
0.10632464714470066,0.03898321092741731,2.8881226451511113,1622.319217631816,0.8420162210499472,1.2484488910817122
0.1065604223223892,0.03902522943255453,2.8900730977494766,1620.8116117696015,0.8392352697743509,1.2485671662973334
0.10679619750007774,0.03906684491260752,2.891999525226987,1619.329468442344,0.8364965594569893,1.2486822012164127
0.10703197267776629,0.03910805736757626,2.8939020272918605,1617.872552231701,0.8337995867301099,1.248794036466734
0.10726774785545481,0.03914886679746078,2.8957807048625805,1616.4406264610611,0.8311438561168387,1.2489027131744976
0.10750352303314337,0.03918927320226105,2.897635660033548,1615.0334532729305,0.8285288799116021,1.2490082729441454
0.10773929821083189,0.0392292765819771,2.899466996039732,1613.6507937064132,0.8259541780634536,1.2491107578381169
0.10797507338852044,0.039268876936608896,2.9012748172203566,1612.2924077747782,0.8234192780622258,1.2492102103565401
0.10821084856620898,0.039308074266156456,2.9030592289816344,1610.9580545431245,0.8209237148274797,1.2493066734168639
0.10844662374389752,0.03934686857061978,2.9048203377585953,1609.647492206116,0.8184670306001437,1.2494001903334393
0.10868239892158606,0.03938525984999886,2.9065582509760506,1608.3604781657914,0.816048774836793,1.2494908047970559
0.1089181740992746,0.03942324810429372,2.9082730770087037,1607.0967691094377,0.813668504106521,1.2495785608544405
0.10915394927696315,0.03946083333350433,2.9099649251404576,1605.8561210875162,0.8113257819903174,1.249663502887725
0.10938972445465167,0.0394980155376307,2.9116339055229385,1604.6382895916493,0.8090201789829303,1.249745675593888
0.10962549963234022,0.03953479471667284,2.913280129133289,1603.4430296326311,0.8067512723971015,1.2498251239641796
0.10986127481002875,0.03957117087063074,2.9149037077312343,1602.2700958184857,0.8045186462701907,1.2499018932635342
0.1100970499877173,0.0396071439995044,2.9165047538154822,1601.1192424325402,0.8023218912730644,1.2499760290099782
0.11033282516540584,0.03964271410329382,2.9180833805794726,1599.9902235115112,0.8001606046212506,1.2500475769540398
0.11056860034309438,0.03967788118199901,2.9196397018665152,1598.8827929236002,0.7980343899882726,1.2501165830581666
0.11080437552078291,0.03971264523561995,2.921173832124345,1597.7967044465825,0.7959428574211428,1.2501830934761575
0.11104015069847145,0.03974700626415666,2.9226858863591363,1596.731711845875,0.793885623257935,1.2502471545326161
0.11127592587615999,0.03978096426760914,2.924175980088997,1595.6875689525832,0.7918623100474199,1.250308812702432
0.11151170105384853,0.03981451924597737,2.9256442292969784,1594.664029741512,0.7898725464707054,1.2503681145902945
0.11174747623153707,0.03984767119926137,2.927090750383646,1593.6608484091091,0.7879159672648144,1.2504251069102499
0.1119832514092256,0.03988042012746114,2.9285156601192193,1592.6777794513725,0.7859922131482056,1.250479836465301
0.11221902658691414,0.039912766030576655,2.929919075595337,1591.7145777416624,0.7841009307481532,1.2505323501270635
0.1124548017646027,0.03994470890860794,2.931301114176459,1590.7709986084312,0.7822417725299592,1.2505826948154806
0.11269057694229123,0.03997624876155499,2.9326618934509576,1589.8467979128538,0.7804143967279532,1.2506309174786012
0.11292635211997977,0.0400073855894178,2.9340015311819085,1588.9417321263409,0.7786184672782629,1.2506770650724333
0.11316212729766831,0.04003811939219637,2.935320145257631,1588.055558407916,0.7768536537532712,1.250721184540872
0.11339790247535685,0.040068450169890704,2.936617853641999,1587.1880346814505,0.7751196312977701,1.2507633227957156
0.11363367765304538,0.0400983779225008,2.9378947743245503,1586.3389197127417,0.7734160805667497,1.2508035266967659
0.11386945283073392,0.04012790265002666,2.9391510252704416,1585.507973186398,0.7717426876647838,1.2508418430320318
0.11410522800842247,0.04015702435246829,2.940386724370261,1584.6949557825449,0.7700991440869962,1.2508783184980297
0.11434100318611101,0.040185743029825666,2.9416019893897363,1583.8996292533093,0.7684851466615564,1.2509129996801942
0.11457677836379955,0.04021405868209882,2.9427969379193755,1583.1217564990743,0.7669003974936752,1.2509459330334036
0.11481255354148809,0.04024197130928772,2.943971687324057,1582.3611016444895,0.7653446039110755,1.2509771648626236
0.11504832871917663,0.040269480911392395,2.945126354692612,1581.6174301142075,0.7638174784108958,1.251006741303678
0.11528410389686516,0.040296587488412826,2.9462610567874123,1580.8905087083428,0.7623187386080077,1.2510347083041509
0.1155198790745537,0.04032329104034903,2.9473759099940167,1580.1801056776096,0.7608481071846966,1.2510611116044257
0.11575565425224224,0.040349591567200985,2.9484710302708708,1579.4859907981559,0.7594053118417142,1.2510859967188666
0.11599142942993078,0.0403754890689687,2.949546533099134,1578.8079354460217,0.7579900852506137,1.25110940891715
0.11622720460761932,0.040400983545652185,2.9506025334326083,1578.1457126712514,0.7566021650074112,1.251131393205749
0.11646297978530787,0.04042607499725144,2.9516391456478472,1577.4990972716064,0.755241293587481,1.251151994309577
0.1166987549629964,0.04045076342376644,2.9526564834944358,1576.8678658658635,0.7539072183017058,1.2511712566537974
0.11693453014068494,0.040475048825197216,2.95365466004549,1576.2517969666844,0.75259969125382,1.2511892243458023
0.11717030531837348,0.04049893120154374,2.95463378764839,1575.6506710530236,0.7513184692989504,1.2512059411573684
0.11740608049606202,0.04052241055280604,2.955593977875787,1575.0642706420533,0.7500633140032977,1.2512214505069925
0.11764185567375056,0.04054548687898409,2.956535341476977,1574.4923803605411,0.7488339916048524,1.2512357954424136
0.1178776308514391,0.04056816018007792,2.957457988329259,1573.9347870158863,0.7476302729756622,1.251249018623326
0.11811340602912763,0.0405904304560875,2.9583620273901325,1573.391279666324,0.7464519335845259,1.251261162304289
0.11834918120681617,0.04061229770701284,2.9592475666495544,1572.8616496907257,0.7452987534611524,1.2512722683178372
0.11858495638450472,0.04063376193285395,2.9601147130826426,1572.3456908577655,0.744170517161293,1.2512823780577975
0.11882073156219326,0.04065482313361081,2.9609635726028056,1571.8431993944537,0.7430670137328765,1.251291532462817
0.1190565067398818,0.040675481309283446,2.961794250015315,1571.353974054018,0.7419880366831322,1.2512997720001067
0.11929228191757034,0.040695736459871845,2.9626068489703394,1570.877816183659,0.7409333839480023,1.2513071366494055
0.11952805709525888,0.040715588585376,2.963401471921467,1570.4145297888283,0.7399028578559697,1.251313665887169
0.11976383227294742,0.04073503768579592,2.964178220074734,1569.9639216023272,0.7388962651058834,1.2513193986709894
0.11999960745063595,0.0407540837611316,2.9649371933481907,1569.5258011470953,0.7379134167326391,1.2513243734242478
0.12023538262832449,0.04077272681138304,2.9656784903270212,1569.0999808009892,0.7369541280802652,1.2513286280210068
0.12047115780601303,0.040790966836550244,2.9664022082202277,1568.686275860207,0.7360182187746087,1.2513321997711446
0.12070693298370157,0.04080880383663321,2.967108442817924,1568.2845046018672,0.7351055126968506,1.2513351254057372
0.12094270816139012,0.040826237811631944,2.9677972884492383,1567.8944883457261,0.7342158379578707,1.2513374410626927
0.12117848333907866,0.04084326876154644,2.968468837940854,1567.5160515150135,0.7333490268734316,1.2513391822726394
0.1214142585167672,0.04085989668637669,2.9691231825762023,1567.1490216963498,0.7325049159401733,1.2513403839450745
0.12165003369445573,0.04087612158612271,2.9697604120553427,1566.7932296987144,0.7316833458123752,1.2513410803547775
0.12188580887214427,0.040891943460784494,2.9703806144555234,1566.4485096114583,0.7308841612795071,1.2513413051284887
